sigma,draw,seed,T_top_mech,T_top_share,T_switches,T_cdacf_posture,T_PoW_posture,T_PoS_posture,T_PBFT_posture,T_PoA_posture,T_DPoS_posture,E_top_mech,E_top_share,E_switches,E_cdacf_posture,E_PoW_posture,E_PoS_posture,E_PBFT_posture,E_PoA_posture,E_DPoS_posture
0.05,0,1000,PBFT,0.547,10,0.8546635637026607,0.7258256329670503,0.7370065059601038,0.9015305382835817,0.7056135766902352,0.8066708763330318,PoS,0.986,1,0.7128842419119005,0.7269632045158169,0.7386276592521622,0.9037024197909788,0.7056936072739525,0.809626317886659
0.05,1,1001,PoS,0.468,12,0.7571837706377089,0.7409364239847263,0.7577055904027608,0.8672827205232843,0.6753582854517547,0.7714227888882382,PoS,0.986,1,0.7314383459817411,0.7404445951354899,0.7582819672018609,0.8672337660898356,0.6733114906333244,0.7732183891426375
0.05,2,1002,PBFT,0.569,10,0.8197355597638848,0.8135307522093158,0.7807331270389631,0.8704997239585237,0.7082507050634219,0.7647052062187895,PoS,0.986,1,0.7601491939261015,0.8165157547780588,0.7834979629882309,0.8723366065557018,0.7076555311302918,0.7667707463698105
0.05,3,1003,PoS,0.409,10,0.7704167236282553,0.7685185892869439,0.7612649529472404,0.8861805089120025,0.7242753853756335,0.7931076027941765,PoS,0.986,1,0.7374083182650645,0.7706922059331444,0.7640655151317742,0.8891524509169558,0.7250729828482976,0.79641217956743
0.05,4,1004,PoS,0.371,13,0.8245493297418657,0.7747312358326007,0.7919792369163206,0.869891479723373,0.694206857616921,0.7974158763394836,PoS,0.986,1,0.7739769174103085,0.7750967577718668,0.7939525227431334,0.8707683392779533,0.6930256150196932,0.7992555895653412
0.05,5,1005,PBFT,0.589,8,0.8126659964946439,0.7224239164996309,0.7257573401572319,0.898433845537981,0.705113484302055,0.735530151154721,PoS,0.986,1,0.7003944271553908,0.7209929364492094,0.7251740571490745,0.8960227889593435,0.7022799839324392,0.7349446892755888
0.05,6,1006,PBFT,0.526,10,0.839207329522844,0.7890363415925297,0.7417967335773249,0.8765174258077512,0.7151746867012176,0.7695504713470206,PoS,0.986,1,0.7164667285680357,0.7891566987769183,0.7421554143356455,0.8766727531452682,0.7135201492068991,0.7711054076222761
0.05,7,1007,PBFT,0.59,7,0.8457931540803236,0.7330847857399829,0.7777174554544489,0.8912825231715494,0.7555970600361317,0.7586532087864283,PoS,0.986,1,0.7528840889154835,0.7301424719115185,0.7771877913322802,0.888352126529207,0.7510489652465461,0.7568687769561139
0.05,8,1008,PBFT,0.689,7,0.8529624991337624,0.7688693413533318,0.7213822752337554,0.9023122820793872,0.7169362349306904,0.81342492828936,PoS,0.986,1,0.6985220151703773,0.7706646493666349,0.7231368820203762,0.9043242340969438,0.7172865264111917,0.8163998791015666
0.05,9,1009,PoS,0.485,9,0.8197592649494969,0.7739966463802452,0.8377622908862571,0.8913246179239586,0.7099004930020372,0.7194741891796627,PoS,0.986,1,0.832930871501771,0.7742261314831715,0.8394725915782505,0.8924397145240003,0.7086336895250473,0.7198469396965731
0.05,10,1010,PBFT,0.55,8,0.8463059392916974,0.7748515456485007,0.806656740203031,0.8813654530114177,0.7125275891344793,0.7386294927190398,PoS,0.986,1,0.7929155360121688,0.7752239097903744,0.8084548167580928,0.8828537834436873,0.711438349441072,0.7392477697632669
0.05,11,1011,PBFT,0.583,10,0.8309607012728091,0.7648891595137199,0.7589782955249911,0.9025789636118314,0.6643944344777056,0.7626936942785981,PoS,0.986,1,0.7337434621505153,0.7656740836919536,0.7603762411819731,0.903383713131959,0.6635420992704396,0.7643645059724015
0.05,12,1012,PBFT,0.466,8,0.8236058596697562,0.6961013817774105,0.7972006331291627,0.8838103516247072,0.7301186572527761,0.7587854452288343,PoS,0.986,1,0.779264668993444,0.694487089504009,0.7975771001668029,0.8828707714651748,0.7271390969683778,0.7584622934302242
0.05,13,1013,PoS,0.469,11,0.7953700220298006,0.7826191917277316,0.7565809155089405,0.8627812945826523,0.6957364853727775,0.7931744007624814,PoS,0.986,1,0.7319372338722062,0.7842758747189079,0.7583832647991512,0.8649154987579241,0.6957302766362338,0.7961817815148304
0.05,14,1014,PBFT,0.708,8,0.8280221807138772,0.7689432815110064,0.6831099369170925,0.8851262906631584,0.6450013346078168,0.7336261102856309,PoS,0.986,1,0.6609579899225492,0.7696973935166778,0.6835821034965126,0.8871206624679776,0.6439300023866559,0.7344960167205156
0.05,15,1015,PBFT,0.574,11,0.8356243207007467,0.7764437288458828,0.7730423111011959,0.900882427383759,0.7018656850806079,0.7814013436754956,PoS,0.986,1,0.7522904450951664,0.7793427470108983,0.7776280001642215,0.904202472733636,0.7028657706579686,0.7859143379663064
0.05,16,1016,PBFT,0.691,7,0.8599603632212276,0.766529771170176,0.7782502884528706,0.8832031411200009,0.7395192750666291,0.7794863133388008,PoS,0.986,1,0.7573506905779369,0.7680316028779715,0.7815472737055169,0.8858912291447867,0.7397640626302814,0.7827398015739826
0.05,17,1017,PBFT,0.434,8,0.8281465356585327,0.7860949190191875,0.7548900436760101,0.8848474616258498,0.7493756314943387,0.7895234547073491,PoS,0.986,1,0.7295413450318027,0.7870630105658086,0.7558832365440513,0.8875195335110452,0.7490415576718414,0.792352521943983
0.05,18,1018,PoS,0.512,10,0.7713501284024488,0.7664994489135998,0.769812843439307,0.8589788534029028,0.6988215682858936,0.7981595689791174,PoS,0.986,1,0.7439477866817472,0.7649099223025408,0.7701540546632957,0.8570132041474965,0.6957179204946013,0.798176491834159
0.05,19,1019,PBFT,0.71,9,0.8790373320766797,0.7509430193930013,0.7875882471404285,0.9025910430751356,0.691877983151713,0.7991856891822045,PoS,0.986,1,0.7703832709525346,0.7526939662320403,0.7913288845656554,0.9050479591908724,0.6921831915320882,0.8027378650396866
0.05,20,1020,PoS,0.501,8,0.8273994414914312,0.7146475684946881,0.8053796075506027,0.9014472376812191,0.7344210947534354,0.7966889154583924,PoS,0.986,1,0.7905366329785282,0.7136781454610993,0.8067084919556304,0.9016371145187528,0.7324077683802087,0.7980742918733821
0.05,21,1021,PoS,0.438,12,0.8148858164540848,0.8153452082109452,0.7596498375284759,0.8906918686586585,0.6772911822467661,0.7548152185928125,PoS,0.986,1,0.7356766286181332,0.8196087949726512,0.762468499694737,0.8941987647953515,0.6776171677900933,0.7572262755675835
0.05,22,1022,PBFT,0.683,8,0.8554650569613468,0.7884321262947078,0.7404885756699998,0.8977433789505191,0.7268873647289622,0.7172416342677799,PoS,0.986,1,0.7131107634603643,0.7860252745664883,0.7388574631518583,0.8947615886590388,0.7229267461376137,0.7155064841489079
0.05,23,1023,PBFT,0.487,10,0.7437111212752855,0.748346205916971,0.7162827042431402,0.8497634436740782,0.6609773191606338,0.7310551858270126,PoS,0.986,1,0.692971063587127,0.7493416812055866,0.7174141882379474,0.8514410160654811,0.6604473117608916,0.7322898100854862
0.05,24,1024,PoS,0.514,10,0.7484833767406655,0.7490930390363478,0.7549117433623829,0.8548428429252066,0.6330338675173299,0.7878131927162035,PoS,0.986,1,0.7299760374198495,0.7499681639520943,0.7564607475065077,0.8558930745455807,0.6321376480227631,0.7901980357229101
0.05,25,1025,PBFT,0.583,10,0.803620028800867,0.7364408937874367,0.7376196782130439,0.880996963636967,0.7388038043646368,0.8017587439988231,PoS,0.986,1,0.7121128882424318,0.7359053921853365,0.7377262202182514,0.8813371969524127,0.736960268190764,0.8028535109595104
0.05,26,1026,PoS,0.495,11,0.8358484175283102,0.7364660500251459,0.7929080512254352,0.8873642676973967,0.6894183403142031,0.7650948359225196,PoS,0.986,1,0.7733092040483334,0.7348471662084357,0.7931118107484557,0.885398024366345,0.6864616936475113,0.7650399338544932
0.05,27,1027,PBFT,0.526,10,0.8589974833393936,0.6983982829108495,0.7705597868319332,0.8913871476272026,0.6627533889135643,0.8070285418508677,PoS,0.986,1,0.7467952889994981,0.698804244375839,0.7728094701120307,0.8925748757836017,0.6620319586121582,0.8091032372625983
0.05,28,1028,PBFT,0.522,10,0.881456124416173,0.7319633446087471,0.8031422899813985,0.9013095034381884,0.6840828870661053,0.7831475889360526,PoS,0.986,1,0.7865786555617551,0.7303957497493182,0.8032973122854421,0.8988171051917059,0.6810434786688959,0.7836954587920117
0.05,29,1029,PBFT,0.384,12,0.799223536730879,0.7394893525300394,0.7206275433138988,0.8772291736327964,0.6826398926584679,0.8064605104080802,PoS,0.986,1,0.69850904204316,0.741915871422032,0.7232174854013383,0.8808591814603156,0.6835729077642267,0.8102403696046732
0.05,30,1030,PBFT,0.555,9,0.8363234908299003,0.8020520515193309,0.7114998976187147,0.8869736899333607,0.7010316306107337,0.7813278725342486,PoS,0.986,1,0.6891524845081057,0.8055689738333829,0.7133306324037222,0.8900042635041974,0.701427225734709,0.7850658749053377
0.05,31,1031,PoS,0.496,7,0.8471529398922181,0.7527605335143934,0.8221019413839271,0.900317559379278,0.7328956559553181,0.7356874785521632,PoS,0.986,1,0.809183186023474,0.7495482789249777,0.8202528088191934,0.8960234511485241,0.7281030692811237,0.7335081165697818
0.05,32,1032,PBFT,0.549,11,0.8563777053803792,0.7449377227806212,0.7583141948905866,0.8934788661723599,0.7309814649751109,0.780259032060958,PoS,0.986,1,0.7346002017767053,0.747202733524035,0.7614336933616541,0.8964231920213761,0.7321227855037116,0.7844706507767664
0.05,33,1033,PBFT,0.537,10,0.8133424795567054,0.763783088524294,0.7706990372873298,0.8329074915998084,0.6942291432204678,0.7811415298153965,PoS,0.986,1,0.7481786148506734,0.7646987664734929,0.7737227243020727,0.8345888917206146,0.6934865745998179,0.7840485954802412
0.05,34,1034,PoA,0.36,10,0.8014829563550975,0.7885392845147612,0.7797025923523428,0.8787449450214881,0.6983478108587864,0.8042022899715955,PoS,0.986,1,0.7561958464859232,0.7865436101767339,0.7798306044343385,0.8770899435596216,0.6946707629910636,0.8039027560690726
0.05,35,1035,PoS,0.55,9,0.7791698262212203,0.7528240362517952,0.7860107306420494,0.8541969347026673,0.6868901272620331,0.7027773292156522,PoS,0.986,1,0.7664773402754647,0.752862535467663,0.7878483100777721,0.8544229240037715,0.6854752601513262,0.7029962513862958
0.05,36,1036,PoS,0.428,12,0.792340515293133,0.7340294640617221,0.7699846584479008,0.9007027605302971,0.7022179290996962,0.7474916864844525,PoS,0.986,1,0.7467543039559137,0.7354356043946191,0.7731970140431675,0.9031786036256892,0.7024034742309357,0.7493367345371262
0.05,37,1037,PBFT,0.694,8,0.8689397536372997,0.7339782279853471,0.7881516942340484,0.8874874948989917,0.6789243971806408,0.7566916771294959,PoS,0.986,1,0.7689297291523681,0.7334772740534667,0.789735840457645,0.8877674411891058,0.6769926009765971,0.757009555242853
0.05,38,1038,PoS,0.552,11,0.7964366216668755,0.7966426901612323,0.8025593237395257,0.8646212471363194,0.6952528292159122,0.7975504400829161,PoS,0.986,1,0.789576516845269,0.7996187443648284,0.806220326994305,0.8675676151519968,0.6955867906136088,0.8012380241092085
0.05,39,1039,PBFT,0.536,11,0.8521855043743201,0.7607148699223892,0.74541555191634,0.8957785631806391,0.6999174879496406,0.787955112795317,PoS,0.986,1,0.7199977664826813,0.7606070513100905,0.7458958314199009,0.8955050985734809,0.6984511131708195,0.7896100351855809
0.05,40,1040,PBFT,0.563,11,0.8573208854352544,0.7288417090148944,0.7369845442092924,0.902383091579828,0.7058358545841018,0.7656373628192932,PoS,0.986,1,0.7121056330847114,0.7289161455217449,0.7376537190916249,0.902846543512834,0.7046549040566884,0.7671975017683753
0.05,41,1041,PBFT,0.556,10,0.8512197078664869,0.7546103210033188,0.7195949385322602,0.9014522260300072,0.7310827489062139,0.7917025697411388,PoS,0.986,1,0.696479360306055,0.7560424904238666,0.7209980800780437,0.9038454283723364,0.731342494424931,0.7948179947726
0.05,42,1042,PoS,0.441,15,0.776929478151351,0.8145668771095225,0.760830197883258,0.8358772029602204,0.722358698184615,0.8091613398596252,PoS,0.986,1,0.730964907814864,0.8111185441948844,0.7579389575422845,0.8308202433823999,0.7160172283324361,0.8060337425903533
0.05,43,1043,PBFT,0.563,11,0.8382333158631545,0.8122300708416352,0.7183473091290532,0.8843652927032151,0.7055481544396036,0.78532163360005,PoS,0.986,1,0.6954119408619491,0.8157567931711669,0.7199998178677391,0.8876012053571962,0.7058972175951399,0.7886405838699003
0.05,44,1044,PBFT,0.524,14,0.8398882475733421,0.7451316676151241,0.7170954612308028,0.8900652961918816,0.7623442008186375,0.7737195256051372,PoS,0.986,1,0.6931067030395685,0.7453291990389987,0.7177148090286539,0.8905097458862854,0.7613459458240188,0.7760653275250472
0.05,45,1045,PBFT,0.683,7,0.8359122576603738,0.7437658430612171,0.7383943734441325,0.8718629633951587,0.7309102225486449,0.728637620932958,PoS,0.986,1,0.7149507783523561,0.7456961213575956,0.7406237676680217,0.8753541841332242,0.7318366423894848,0.7307361067256402
0.05,46,1046,PoS,0.443,12,0.8209141406672881,0.7594391916170217,0.791963757778902,0.8691182501524437,0.6988310546490799,0.7853552582705711,PoS,0.986,1,0.7693374708807933,0.7551299206952012,0.7895476970539957,0.8643474778125394,0.6931911229865609,0.7830757057399615
0.05,47,1047,PBFT,0.407,13,0.8039649651143602,0.7455666741918464,0.7673913682766709,0.871193912679623,0.6878367675841156,0.7545354682010585,PoS,0.986,1,0.7434753190055262,0.7460696456218834,0.7698621610062767,0.8720405999483264,0.6869163793002581,0.755808512205942
0.05,48,1048,PBFT,0.414,12,0.8086078471219238,0.779197271388291,0.7454445386963887,0.8902643860169752,0.7031466385660435,0.7687459051837442,PoS,0.986,1,0.7210981375261883,0.7807905466655065,0.7471893264801217,0.8926223799001585,0.7031333809459673,0.771686623056859
0.05,49,1049,PBFT,0.497,9,0.8419950605752222,0.8010374992550651,0.7564047038446277,0.8787985344322478,0.695721562919228,0.7731587281068105,PoS,0.986,1,0.7298839941763029,0.8016676754637799,0.7565506805075948,0.8792282215303058,0.6937836286762498,0.7744164462720451
0.05,50,1050,PBFT,0.691,8,0.8743045062698316,0.7289425089306102,0.7769382540445567,0.9010617022680216,0.7000785989188616,0.8152037312241691,PoS,0.986,1,0.7554493656898673,0.7298666896115569,0.7798313632715859,0.90332568278277,0.6998771971748168,0.8177301238663972
0.05,51,1051,PBFT,0.772,6,0.8904154543813929,0.7620287733439577,0.8032360511196203,0.902387412874214,0.6674081135664244,0.7824430643656595,PoS,0.986,1,0.7881213971335523,0.7617260358972057,0.8046945289391308,0.902472484827932,0.6655565155467723,0.7841581855064276
0.05,52,1052,PoS,0.426,13,0.8426074584784837,0.7385132429947696,0.7876994617412152,0.9017479759942522,0.733182551455146,0.7703068466871459,PoS,0.986,1,0.7658748316537185,0.7359772186931739,0.7870596571106981,0.8975707164032067,0.7291981760199039,0.7696808206118487
0.05,53,1053,PBFT,0.705,6,0.842303189173125,0.766999748026462,0.7097891924895035,0.8901117828199145,0.6793557966576398,0.769103101391735,PoS,0.986,1,0.6852518908310674,0.7659445688366117,0.7093169462721435,0.8885224332043969,0.6767549850827513,0.7697654163732639
0.05,54,1054,PoS,0.41,12,0.8507978592068057,0.8049112103561848,0.8164334693360268,0.8836495484266851,0.7438042293799317,0.8184027443795876,PoS,0.986,1,0.8035471956943206,0.805041104931256,0.8163362780015959,0.8829957508364313,0.7407802384429559,0.8182826805286468
0.05,55,1055,PoS,0.493,12,0.815719987244436,0.7938437743021648,0.7840811439848778,0.8609641214647515,0.7135977653942898,0.8184176139584226,PoS,0.986,1,0.7615063558766509,0.7923585966410212,0.7838892689392049,0.8584998501017194,0.7102867527691786,0.8176482345974104
0.05,56,1056,PBFT,0.418,13,0.8268066225612597,0.7526002153237532,0.7819686799456751,0.8819094417150096,0.7229289882480369,0.7988810729949465,PoS,0.986,1,0.7576912879754357,0.7489051593840477,0.780333870739951,0.8783171307458181,0.7177435994762648,0.7969154533786651
0.05,57,1057,PBFT,0.574,11,0.8381924065971241,0.6961538196498968,0.7163510297375699,0.8864142573459703,0.7135029700975866,0.752693204761061,PoS,0.986,1,0.6912509474388147,0.6947978568097046,0.71579208730758,0.8853911000988413,0.7108766147891041,0.7523635431767393
0.05,58,1058,PoS,0.429,12,0.767522139808259,0.7666411314602312,0.7385723809129245,0.8731456712161946,0.7194999092134716,0.7734103324245929,PoS,0.986,1,0.7146062666017704,0.7678787170542433,0.7401667403695167,0.8745424722698363,0.7192204318501101,0.7763093343825584
0.05,59,1059,PoS,0.488,10,0.8057609809060234,0.7785443728565711,0.7848626418680428,0.8829334726467971,0.7554845802721631,0.7829608878298899,PoS,0.986,1,0.7577078752833322,0.7711242839101913,0.7798216772050862,0.8737805664841914,0.746061273068807,0.7780132706046717
0.05,60,1060,PBFT,0.69,8,0.86406374060468,0.8067415530116537,0.7530997248263377,0.9006623541757012,0.6496930566557348,0.7925713840082571,PoS,0.986,1,0.7289865823353917,0.8108211045772911,0.7555707513537545,0.9035329960767958,0.6499912328430206,0.7963914252326749
0.05,61,1061,PBFT,0.5,11,0.7855908683442938,0.7190383131119706,0.7289468560633504,0.8655633377846745,0.7659791583555917,0.7431995903801049,PoS,0.986,1,0.7035465682682015,0.7181395354020951,0.7287495747231816,0.8645213680553938,0.7637652903310157,0.74309459424622
0.05,62,1062,PBFT,0.547,10,0.8684590157341743,0.7303013011156598,0.7928242793324232,0.8890777787054104,0.6990096955088498,0.7651557858516896,PoS,0.986,1,0.7774503053463298,0.7323847847981693,0.7968236349931836,0.8925773355991689,0.6998099522396624,0.768689801011726
0.05,63,1063,PBFT,0.439,9,0.8225011104914587,0.7222870728723016,0.7640161209734245,0.9023121307097882,0.6869990573666167,0.8021585370589607,PoS,0.986,1,0.7400402137904136,0.7240060676663925,0.7669676300918824,0.9054232263808996,0.6874591019688989,0.8058803944780075
0.05,64,1064,PBFT,0.505,9,0.8386299575156535,0.7864826560216404,0.8047348415879079,0.8731469942838579,0.6946051604935812,0.7990394090536833,PoS,0.986,1,0.7929682211484065,0.7895737448736844,0.8087375634388408,0.8769571363424188,0.695651282115114,0.8030587894476614
0.05,65,1065,PBFT,0.484,12,0.8584021874944547,0.7699037592704142,0.771547362216357,0.8867768384307232,0.6893332202654548,0.8496722143989547,PoS,0.986,1,0.7490257348006082,0.7714009689201642,0.7747798881419198,0.8895344096604954,0.689192124415349,0.8524226043209905
0.05,66,1066,PBFT,0.504,14,0.8380765864803493,0.7454856447586775,0.7568450294445856,0.8767212542297748,0.7288618412422677,0.7803894955243281,PoS,0.986,1,0.728393303332757,0.7427079580408076,0.755032090815684,0.8740929389595513,0.7246992037090604,0.7797390227076022
0.05,67,1067,PBFT,0.518,13,0.8670555719383939,0.804275895336948,0.7937230466004532,0.8859230027560606,0.6564442111959723,0.7897008581251803,PoS,0.986,1,0.7773841327841402,0.8072777158756981,0.796642833654356,0.8885731331917546,0.6560434912832103,0.7926217063604258
0.05,68,1068,PoA,0.414,11,0.7931221734661547,0.8150751322037175,0.774951949387652,0.8720494276239804,0.747666832515389,0.7523014938578064,PoS,0.986,1,0.7539387742902618,0.818801353373363,0.7784851331090646,0.874766083769798,0.7484228568698463,0.7544873612027891
0.05,69,1069,PBFT,0.508,10,0.7859140707121779,0.7964898288157369,0.7494712730462559,0.8059791969231421,0.7049617608632839,0.7799834895930907,PoS,0.986,1,0.7245693880101298,0.7986181714554915,0.7508076612251484,0.8081510286102199,0.7044777461777009,0.7828497827504807
0.05,70,1070,PoS,0.478,9,0.7662700111439538,0.716469961947608,0.763035356545864,0.8810359729459162,0.6634276575870981,0.7827452646467801,PoS,0.986,1,0.7364661698688878,0.7153237401513995,0.7633748303021708,0.8806699635054506,0.6610666209613324,0.783898800798534
0.05,71,1071,PBFT,0.696,8,0.866952027253351,0.7283223414396846,0.7558603314327694,0.9024612892954004,0.6487041534916208,0.7841200604372464,PoS,0.986,1,0.7306436315350233,0.7290234810967622,0.7572615712383701,0.9040015181541556,0.6480886780972923,0.7866975383221538
0.05,72,1072,PBFT,0.519,11,0.8378947980152494,0.7291004243376477,0.7791003562315196,0.8572001482509373,0.7402043791704016,0.7963633463069673,PoS,0.986,1,0.7601288663354856,0.7315074024363295,0.783370922068843,0.8606853071147204,0.741763141743485,0.800484581239522
0.05,73,1073,PBFT,0.438,14,0.8089898477025208,0.6810509441184397,0.7678362248769774,0.8741885277544951,0.6975208220391728,0.7647788771151318,PoS,0.986,1,0.7440201065238661,0.681410572138213,0.7704245259402632,0.8766198137526203,0.6970554148285254,0.7669411752943294
0.05,74,1074,PBFT,0.396,11,0.7732855790880424,0.7385961413012986,0.7528745614693245,0.8515853059967903,0.7242223637013808,0.777730841640998,PoS,0.986,1,0.7286986775751502,0.7403772106042047,0.7551417430184114,0.8543945527077413,0.7249617896638716,0.7813923724934034
0.05,75,1075,PBFT,0.489,10,0.8529527127905856,0.7669331474075095,0.7568672241531441,0.8958428864916128,0.732031949030579,0.7930850459640303,PoS,0.986,1,0.7314470659283384,0.7675021550213412,0.7580747904886679,0.8962588980535495,0.731224997917072,0.795261223206546
0.05,76,1076,PBFT,0.445,8,0.8088039300886911,0.7972594505304441,0.8094049773550123,0.8672492351869799,0.6776098476768823,0.7718498393257743,PoS,0.986,1,0.7974017688406565,0.799497605403379,0.8119096577189187,0.8688470839283662,0.6773063663298965,0.7747484228541094
0.05,77,1077,PBFT,0.751,7,0.8378634195431557,0.7616355668850212,0.6887187898455353,0.8982265372656434,0.6200681801195876,0.7622418265987083,PoS,0.986,1,0.6648406063406656,0.7604117928383288,0.6878977612594696,0.896829488656387,0.6174244588449544,0.7622519968200038
0.05,78,1078,PBFT,0.557,11,0.8932144731853826,0.769702405684508,0.8167643323431028,0.9024207457182776,0.6873798951956692,0.8047585799459055,PoS,0.986,1,0.807760665079966,0.7716998804050936,0.8199547613623225,0.9043688563762688,0.6876819600304145,0.808078348601244
0.05,79,1079,PoS,0.447,8,0.8206893616605345,0.7975420037955395,0.7850826083423174,0.8889715453154347,0.7765684736027625,0.7727052032082801,PoS,0.986,1,0.7661943645864512,0.8003466207368142,0.7882791452046289,0.8917784223368128,0.7770292159535174,0.7758944573925693
0.05,80,1080,PoS,0.586,8,0.8321653355059657,0.8018284061925571,0.8028630676744745,0.8796175383055445,0.6922711256079674,0.7757191020364963,PoS,0.986,1,0.7825478684614154,0.7978590998443241,0.7995907091635504,0.8739248445119138,0.6861860068333641,0.7731589770934189
0.05,81,1081,PBFT,0.555,7,0.7953797732476442,0.7633548018156396,0.7105783980328046,0.8915686001214917,0.6774561253992424,0.7520470418576229,PoS,0.986,1,0.6849671191531125,0.7611042949645594,0.7091556694779034,0.8887391857222209,0.6737605158537062,0.7508414030524176
0.05,82,1082,PBFT,0.504,9,0.8624215695422529,0.7969889260907134,0.7667290144279105,0.90090275152237,0.6966409171199573,0.723219653903978,PoS,0.986,1,0.743255782390155,0.7997201926915741,0.7697277475071799,0.902849015547418,0.6967576309159396,0.724950392442861
0.05,83,1083,PoS,0.419,12,0.7490931526272016,0.7572413970806875,0.7214372251674429,0.8520771815892496,0.7564312320078231,0.7358846144160485,PoS,0.986,1,0.6985564530465534,0.7591147009128179,0.7233586401623588,0.8547467056788094,0.7572100219455414,0.7379475177934586
0.05,84,1084,PoS,0.52,11,0.8342325066266653,0.7751484071465452,0.7923659806936759,0.8868712971513898,0.6737452771842866,0.7903895020310424,PoS,0.986,1,0.7738891270401766,0.7744700066426783,0.7934580238881065,0.8862572932030636,0.6714985491397019,0.7915178214533741
0.05,85,1085,PBFT,0.527,10,0.8460104701248748,0.7804161901575014,0.7597826343660288,0.8806116263729805,0.6837681705352803,0.7791936085239363,PoS,0.986,1,0.7339182254300699,0.7806832487879555,0.7606917252953853,0.8813698059648082,0.6823246487151082,0.7810703283139644
0.05,86,1086,PBFT,0.536,10,0.8646830917111418,0.7021346447128493,0.7701784122055746,0.8996446164184284,0.6968008382595954,0.7448182073265752,PoS,0.986,1,0.7431979276048036,0.6990283119831384,0.7691536973314983,0.8951643536285951,0.6921975395541993,0.7427327452976817
0.05,87,1087,PBFT,0.44,14,0.8083272636970177,0.7680115997955353,0.759268905641779,0.879902816667239,0.7072441927954624,0.7825217248697041,PoS,0.986,1,0.7322217183999599,0.7666954078199298,0.7590230500490258,0.8781759401447914,0.7044204094496721,0.7829580286083513
0.05,88,1088,PoS,0.421,11,0.8162295481217998,0.7393063339719151,0.8028238005996697,0.8852845651823604,0.7145292497402584,0.7723385305980591,PoS,0.986,1,0.7882516846019837,0.7399118860870524,0.8053243003230508,0.8873137507452654,0.7140198531238215,0.7750467753718321
0.05,89,1089,PBFT,0.589,7,0.8238900060193516,0.7615740383098974,0.74732762066932,0.9018482400449238,0.6917109688873596,0.7654604501817921,PoS,0.986,1,0.7195340724696329,0.7590928668856122,0.7457114792581628,0.898999798951437,0.6879405502670758,0.7648596632632355
0.05,90,1090,PBFT,0.521,12,0.8413276459159523,0.7621907032100791,0.7099458125122282,0.9025976805672626,0.6890280969069189,0.7968796747969511,PoS,0.986,1,0.6853798841427088,0.7612814812900183,0.7094612043010804,0.9013617262733608,0.6866965558881821,0.7977874348203363
0.05,91,1091,PoS,0.511,12,0.8571204845338859,0.7744142803561838,0.8106939544000691,0.9006816659804332,0.7156412100829052,0.7713592080522824,PoS,0.986,1,0.7995587418515019,0.7764861825621442,0.8142171165272218,0.903554938695152,0.7161846705600045,0.775043649989598
0.05,92,1092,PoS,0.337,13,0.787044769294761,0.7637980069259889,0.7671524549717724,0.8639291643775423,0.7443598177890121,0.7711245359668036,PoS,0.986,1,0.740055329526169,0.7615968188260149,0.766791569370423,0.8616335447118582,0.7407058088737526,0.7710799576081921
0.05,93,1093,PoS,0.461,9,0.7811034483388293,0.7858134083268575,0.7664601860680003,0.8588994233184661,0.7622056495493925,0.77085163220506,PoS,0.986,1,0.7351182530110091,0.7784980381012458,0.7617658026082027,0.8500049453501332,0.7525763507565312,0.7665003285220666
0.05,94,1094,PBFT,0.678,8,0.84296062908052,0.7556407420308651,0.7828016328484152,0.8593211705242043,0.6608280512318492,0.7856940501790991,PoS,0.986,1,0.7594874298018265,0.7530898960283946,0.7821508539156493,0.856401786597904,0.657008446410597,0.7850194340138467
0.05,95,1095,PBFT,0.5,12,0.852896376267683,0.7635900828534564,0.7624026835002997,0.8927536161101104,0.7174180785310459,0.8135270391334802,PoS,0.986,1,0.7387052478520829,0.7656084013727883,0.7655402183477973,0.8957737786679523,0.7180983214847543,0.8170213930979724
0.05,96,1096,PBFT,0.673,7,0.8561054318629222,0.8006528407216308,0.7451936039213024,0.8999975749082525,0.6943381166343449,0.7774459984040312,PoS,0.986,1,0.721411164280227,0.8042203406843651,0.7475102125968578,0.9022307654201934,0.6947929945897359,0.781134999777537
0.05,97,1097,PBFT,0.411,11,0.7967950022120374,0.7708709254084102,0.7649651424409294,0.8501592353211538,0.7278988317903881,0.7582602199908665,PoS,0.986,1,0.7363568863395681,0.7671509864833732,0.7630477793567693,0.846173307267831,0.7226193798219347,0.7559012250382593
0.05,98,1098,PBFT,0.557,11,0.8438002783883873,0.761388506793203,0.7478104882845732,0.8770488960346221,0.6850011484845671,0.8039612167298491,PoS,0.986,1,0.7231396720449034,0.7624741044139526,0.7492079430078586,0.8795395579131345,0.6845126730193767,0.8066977768921332
0.05,99,1099,PBFT,0.541,11,0.8418095117874611,0.7262801200781388,0.7513214178941926,0.8823544540316984,0.6876899905958368,0.7819982340054876,PoS,0.986,1,0.7248622029230553,0.7254235019785791,0.7512123238773623,0.8822125303971934,0.6856226300182597,0.7832907281065093
0.05,100,1100,PBFT,0.534,10,0.8364099857056246,0.7439122207731149,0.7631563525257883,0.8647550368002764,0.7585021735768279,0.7181804478304022,PoS,0.986,1,0.7380008174021815,0.7446166996035738,0.7649036720410832,0.8657901335817375,0.7582336729455924,0.7191147487265258
0.05,101,1101,PBFT,0.408,14,0.856171075712935,0.7279985067059308,0.8113713121429357,0.9007567366970628,0.7674825035046505,0.778725917406646,PoS,0.986,1,0.8013075516212883,0.7302304437131848,0.8152422944766242,0.90385824735953,0.7690973671995032,0.7828591768232213
0.05,102,1102,PBFT,0.495,9,0.7988295036565368,0.7515462087994019,0.7457446036224336,0.8743159225279997,0.6860786345413382,0.7868557977409592,PoS,0.986,1,0.7198965975864626,0.7510557854199696,0.7458994662242839,0.8743917257997336,0.6841447237627951,0.7883653138723457
0.05,103,1103,PBFT,0.427,7,0.8211232687881674,0.7775191669580716,0.7661160963262964,0.8854359582102422,0.7068867728027675,0.765038373500877,PoS,0.986,1,0.7420316015034765,0.7788450838314616,0.7685806783053161,0.8871322240409153,0.7065746495965167,0.7674429789731557
0.05,104,1104,PBFT,0.438,12,0.8146833744325331,0.8016058351777922,0.7588312118814208,0.882176191473749,0.6834623287237803,0.7734295166260992,PoS,0.986,1,0.7345934507322965,0.804782265997613,0.7613522664233512,0.8850037771309721,0.6839292962962371,0.7768885750810327
0.05,105,1105,PoS,0.473,10,0.7965905202246079,0.7560191004841764,0.7734394004483989,0.8618401475328009,0.7106275253202239,0.7590315976195995,PoS,0.986,1,0.7506767593689571,0.7569573833620848,0.7761761822532949,0.8629416721897513,0.7100762047307424,0.7606390643417649
0.05,106,1106,PBFT,0.542,9,0.8611531780712178,0.7701435311858761,0.7588129149074009,0.9013572711326432,0.6734224293581339,0.7289125368182081,PoS,0.986,1,0.7304179652272551,0.7673311935852614,0.7570344046266173,0.8975057155918055,0.6692815312236171,0.7269540619415122
0.05,107,1107,PoS,0.435,12,0.7791418975773224,0.7696361389230046,0.7664470175790639,0.8606899448056056,0.7043690118051614,0.8070972136483809,PoS,0.986,1,0.7432837208427971,0.7717976607174073,0.7698866817016798,0.8634569380258174,0.7049450431917156,0.8105673874828494
0.05,108,1108,PoS,0.375,12,0.7782142043725432,0.7841909996105453,0.7867845278054214,0.8572645220832438,0.6800713291313716,0.770559938844488,PoS,0.986,1,0.769248602583828,0.7867815718294492,0.79071434174002,0.8602096963328674,0.6806270748653578,0.7743708171645632
0.05,109,1109,PBFT,0.543,11,0.8334296366109258,0.757565864189195,0.7367327124522234,0.8760543116745879,0.7233468442130643,0.7775984712385189,PoS,0.986,1,0.7076145420133614,0.7526576899849435,0.7330847961185536,0.8706552780680559,0.716859372519081,0.7749482027656295
0.05,110,1110,PBFT,0.538,12,0.8551232700845536,0.7590353084155383,0.7935256795919209,0.8707385693124307,0.6887244487925741,0.7405131885044831,PoS,0.986,1,0.7768928759823798,0.7600807495743934,0.7961638503144434,0.8725479479965957,0.6882875026598949,0.7418460746281239
0.05,111,1111,PoS,0.697,7,0.7573974802096841,0.7813162930665888,0.7474342581482727,0.8586370370517493,0.7178643217355927,0.7693684596870808,PoS,0.986,1,0.7219334920319216,0.7814832174526548,0.7479430398887857,0.8590857476091674,0.7164351658046095,0.7714176442851269
0.05,112,1112,PoS,0.653,8,0.8005848822339097,0.7982315410028266,0.8010878509650433,0.8832258133862264,0.7074288850004883,0.7793674691209621,PoS,0.986,1,0.7849241994188416,0.7991244037174551,0.8026338125878576,0.8841910064733327,0.7057365471577091,0.7812819318378241
0.05,113,1113,PoS,0.443,10,0.8080505031307385,0.731968086936727,0.7757582268083352,0.8557789884442943,0.694779714103407,0.77481512675134,PoS,0.986,1,0.7536701848340099,0.7326256405524375,0.7784565740306117,0.8569009860149558,0.6941302993194265,0.7774608302995056
0.05,114,1114,PBFT,0.695,8,0.8397982209373709,0.731453385401817,0.7273705223999921,0.8807332037798935,0.6916651190189611,0.7807958669808471,PoS,0.986,1,0.7037825039235013,0.7325829353167692,0.7288342094553173,0.8833918599804578,0.6915830458978562,0.7838160218153899
0.05,115,1115,PBFT,0.556,11,0.8583627264836059,0.7619058808946533,0.7671632734072753,0.889937442217041,0.6831559246135259,0.7474674530287917,PoS,0.986,1,0.7445585123851831,0.7642665439611148,0.7710271915185665,0.8930646261602028,0.6838028026241105,0.7500086038551973
0.05,116,1116,PBFT,0.686,8,0.8657353254381848,0.7634193296693272,0.7846772905378159,0.8853017803782643,0.6751141765063986,0.7428696101563858,PoS,0.986,1,0.763148313291162,0.7618653286804554,0.7848142206969889,0.8835024252452255,0.6721026688060897,0.7420825680080929
0.05,117,1117,PBFT,0.448,13,0.7944180472568564,0.777388196520077,0.7211873617910469,0.8827292664043532,0.7250801925495505,0.7889012974543216,PoS,0.986,1,0.698505265780504,0.7795503643261185,0.7232848000991972,0.8851765208171518,0.7256920329405375,0.7920429391375788
0.05,118,1118,PBFT,0.681,6,0.8595921265823843,0.7176153975634065,0.7686959843802167,0.8884282921539848,0.6768538423388076,0.7421794563605365,PoS,0.986,1,0.7454658652033417,0.7190252539363269,0.7718531306944704,0.8920157235035515,0.6769836790977074,0.7441162864655225
0.05,119,1119,PBFT,0.418,12,0.8002579782366674,0.7175609018742773,0.7313814662233605,0.867683100701558,0.7070631903051606,0.7411783967582797,PoS,0.986,1,0.7061411424982647,0.7169648363853315,0.7314597666331358,0.8676269753015021,0.7052135207668556,0.7413841830056339
0.05,120,1120,PBFT,0.576,9,0.7934796643569874,0.8039763063520369,0.7571312080097996,0.8511167249392814,0.6800799681027468,0.7756732166625911,PoS,0.986,1,0.7329700829864095,0.8077357385354459,0.7594510477041031,0.8541576545349355,0.6804174009576232,0.7795442064150805
0.05,121,1121,PBFT,0.503,8,0.8529941322423329,0.7614419036881843,0.7943253616739834,0.9026083424176248,0.7405696908153963,0.7549903819729807,PoS,0.986,1,0.7787069479526996,0.7634207382262798,0.7980922508218918,0.9050850811872606,0.7413249243185398,0.7573220278222145
0.05,122,1122,PoS,0.35,13,0.7862259294075591,0.7450642478459366,0.7750575014587013,0.8785115616683615,0.6782470001404199,0.8165523623513538,PoS,0.986,1,0.7522076856936424,0.7453638842902908,0.7772182921037805,0.8800816801647229,0.6770876872717608,0.8182694093018492
0.05,123,1123,PoS,0.479,13,0.7958483906972106,0.7928798919430465,0.785093844911029,0.8676979306219771,0.7193698745732408,0.7644700720695471,PoS,0.986,1,0.7673032202587899,0.7960644474405387,0.7890790830335982,0.8710220948484623,0.7205284950994459,0.7678580466426986
0.05,124,1124,PBFT,0.547,10,0.8377909170691914,0.7851198126473843,0.7219580106973978,0.885111429314247,0.6996854634256372,0.751202111940708,PoS,0.986,1,0.6954832767548064,0.7824394561971533,0.7201653356523684,0.8818482810757503,0.6955120450068373,0.7494862931055234
0.05,125,1125,PBFT,0.678,8,0.8697913809694789,0.7908106891388436,0.7718729052135539,0.9010384696238276,0.7147342509696837,0.7604524139747044,PoS,0.986,1,0.7496436942852598,0.7930849226227245,0.7754427319676523,0.9037735183989712,0.7153745313575459,0.7628001323805063
0.05,126,1126,PBFT,0.667,7,0.8558388056546214,0.7058151789114775,0.7443870256931507,0.9018384812469836,0.6673035511531293,0.7603825253627251,PoS,0.986,1,0.7197253232645109,0.706276554427664,0.7456610692661456,0.9024021452233938,0.6665131138679964,0.7620985938291694
0.05,127,1127,PBFT,0.555,11,0.872901207154829,0.759257960145326,0.7746953937500962,0.9022465315210134,0.7182241241976396,0.8107891803221083,PoS,0.986,1,0.7535776159339932,0.7613964221161823,0.7784680626182177,0.9048345182628964,0.719001566874381,0.8141196957265472
0.05,128,1128,PBFT,0.691,8,0.8668779117621278,0.774048628358981,0.7589238556231228,0.9022047695809516,0.7462027907602942,0.7828942024711782,PoS,0.986,1,0.7328757766969135,0.7739276910633253,0.7596734212883689,0.9022899427092655,0.7446890968150197,0.7848472746833507
0.05,129,1129,PBFT,0.554,11,0.8501217672446951,0.7439138893490139,0.7624490652408326,0.8818284111221977,0.749273404333981,0.730220651713378,PoS,0.986,1,0.7383471666307005,0.7455015314021147,0.7651542032912595,0.8841761844200341,0.749758605503059,0.7321297150133969
0.05,130,1130,PBFT,0.398,13,0.7978831825204363,0.7557484197889515,0.7387789458490217,0.8739047340293602,0.7367000298480677,0.760544255173546,PoS,0.986,1,0.7121816669373031,0.7542139214147171,0.7379044686194984,0.872914769655913,0.7337073889406042,0.7600333925756065
0.05,131,1131,PBFT,0.703,6,0.8623512916175448,0.7431259501020252,0.7704919770307004,0.8875544821724175,0.6760596374620546,0.7712895622504672,PoS,0.986,1,0.7473689859224565,0.7442080092435973,0.7734076394996416,0.8901643755766901,0.6756340779496637,0.7742552084093529
0.05,132,1132,PBFT,0.527,13,0.847006378558367,0.8076871337155597,0.7124804509236892,0.9004566221013856,0.660251509335065,0.7893792434577969,PoS,0.986,1,0.6868911020238189,0.8071636970970845,0.7111167516503397,0.8974604373233931,0.6568679582840113,0.7892815657172523
0.05,133,1133,PoS,0.44,9,0.8036679039426026,0.7732703796333651,0.7931568656502742,0.8940389132266455,0.6799458136194951,0.7622846739160398,PoS,0.986,1,0.7755437195380196,0.7736573814714015,0.7952405700487627,0.8948604610883443,0.678702169801334,0.7635609979870721
0.05,134,1134,PBFT,0.442,12,0.8135390217089515,0.8055222860391161,0.7688387689161335,0.8730169063783064,0.6922785638237133,0.7665322585353492,PoS,0.986,1,0.7435175664032362,0.8066289087170531,0.7700000769964902,0.8732720053228713,0.6902383246296704,0.7674909519668491
0.05,135,1135,PBFT,0.515,13,0.8242810451769316,0.7580820683684811,0.7277940411302601,0.8677380320679481,0.7188067698437335,0.7853621012308749,PoS,0.986,1,0.7012847195742882,0.75591731245614,0.7264388368579721,0.8653473380081563,0.7151571681144989,0.7852178607765476
0.05,136,1136,PBFT,0.558,11,0.8494252962238203,0.7952174443691581,0.7678427629761053,0.876158250840343,0.7123268178643236,0.7828159895130697,PoS,0.986,1,0.7436008063249921,0.7967826549871004,0.7700959591477466,0.8782143051970746,0.7114815291588038,0.7853631248238023
0.05,137,1137,PBFT,0.522,12,0.8406670239102892,0.7676227457175381,0.7289096691226403,0.8826318235193774,0.6785304069320385,0.8019953695078547,PoS,0.986,1,0.7004960419380284,0.7630862467312475,0.7256401393773179,0.8774113887045312,0.6727687020843737,0.7993550008616549
0.05,138,1138,PBFT,0.503,11,0.8330026919631282,0.8050881543460514,0.6919676538845757,0.9001902957083562,0.6504237330875134,0.7873341667596822,PoS,0.986,1,0.6672547623105013,0.8040767899109567,0.6903044778536241,0.8972915501631451,0.6468491345438416,0.7867909666373452
0.05,139,1139,PBFT,0.551,9,0.8851056408638449,0.7630547496734582,0.8138102141687575,0.8954778562605868,0.6937524418466147,0.8031107621498331,PoS,0.986,1,0.8038214604970546,0.7651142195413663,0.8170997455036161,0.8980263052306048,0.694261494687294,0.8064369984790487
0.05,140,1140,PBFT,0.404,12,0.8230089878074591,0.7469195970140192,0.7726494734975201,0.887555859480902,0.7311393026707614,0.7774487260164884,PoS,0.986,1,0.746355250391058,0.7436701417596076,0.77172154587598,0.8839734553985201,0.7264035683621621,0.7764537440917342
0.05,141,1141,PoS,0.588,8,0.8319825464139048,0.7765366321734857,0.7947484547164738,0.8946758103483753,0.720707949325425,0.7561715354677083,PoS,0.986,1,0.7726119555300011,0.7715202764230512,0.7920563312054896,0.8884356471644415,0.7140860594045368,0.7526512005073502
0.05,142,1142,PBFT,0.65,7,0.8263868303004108,0.7717793574306602,0.7374637664981804,0.895018636521939,0.7291486190643648,0.8001706972640811,PoS,0.986,1,0.7144266062037222,0.7745279909327918,0.7402014451351446,0.8985203886938306,0.7304000905807406,0.8041122271045938
0.05,143,1143,PBFT,0.371,13,0.7978644116830801,0.788367315461463,0.7423243155244222,0.8783033688445971,0.6753305611773899,0.7606212179078964,PoS,0.986,1,0.7187816793032081,0.7908107490851399,0.7445328723268615,0.881303816008934,0.675645029084116,0.763413261626862
0.05,144,1144,PBFT,0.544,10,0.8628273402556741,0.7818837194319044,0.7610998625612492,0.9010394754930288,0.7348459598266659,0.7477268922557689,PoS,0.986,1,0.737456135903549,0.784561039363241,0.7642987766866258,0.9040061695097472,0.7359496742315195,0.7503880209421968
0.05,145,1145,PBFT,0.387,11,0.7921672853572327,0.7447909413208778,0.7114866669759892,0.8465931681961392,0.7432292159974845,0.8017589179179945,PoS,0.986,1,0.6889082006706936,0.7463711065308849,0.713098224007368,0.8492553191250977,0.7438065012279316,0.8051004775555735
0.05,146,1146,PBFT,0.693,8,0.8655384148290011,0.7566502426842364,0.7516276292870989,0.9023332501274371,0.6725785508161244,0.78271048645012,PoS,0.986,1,0.7272705884862928,0.7583199714123425,0.7536363633407267,0.9047552102295332,0.6726619579953026,0.7860783911213407
0.05,147,1147,PBFT,0.433,9,0.8392514129450892,0.7716058960960084,0.7609683810848124,0.8861530437869254,0.7864632618349117,0.7569303250662099,PoS,0.986,1,0.7364959457479276,0.7733746366708495,0.7633034274957249,0.8893845508015622,0.7873992732571349,0.7590905738443315
0.05,148,1148,PoS,0.598,5,0.8333463903391994,0.719719410586695,0.7916644935660178,0.8968233975546398,0.7145715711676426,0.7294274656705444,PoS,0.986,1,0.7719754289977216,0.7180480870726726,0.7921451030131315,0.8951673056331463,0.7115446227054648,0.7286002469148766
0.05,149,1149,PBFT,0.658,6,0.8625604496345549,0.7577912874420238,0.7480732286015901,0.9022930682505208,0.7458390679817225,0.8041320150209578,PoS,0.986,1,0.723412197866984,0.7588021304861863,0.7494724134029223,0.9038393980128356,0.7457197370137687,0.8067105798333751
0.1,0,1000,DPoS,0.432,11,0.8184588166730771,0.7053777253094865,0.7617195113732816,0.8015765716363865,0.8031648506962303,0.8406228841776138,PoS,0.986,1,0.7372750091470209,0.7063193994262076,0.7642213756149279,0.8039537346756165,0.8039878495580357,0.8432969453969753
0.1,1,1001,PBFT,0.493,13,0.8266898473316237,0.7178524074548674,0.6949206359480038,0.8921006016135677,0.7049707485054798,0.819500765038023,PoS,0.986,1,0.6716574943374688,0.7172510592654885,0.694713146315041,0.891998948826691,0.7030011532706759,0.8206116870073175
0.1,2,1002,PBFT,0.441,12,0.8707858459257108,0.7078459054557825,0.8307332193995545,0.8884294738322782,0.7904123120229437,0.8055221479681435,PoS,0.986,1,0.8249745656240047,0.7083398039511426,0.83290268671271,0.8905432083763029,0.7902751564363832,0.8080230672880565
0.1,3,1003,PoA,0.399,10,0.7540308810208018,0.8162319826011298,0.6971667134240902,0.8161082659153444,0.6971879834574065,0.7266724348267997,PoS,0.986,1,0.6757951543647117,0.8199791711279902,0.698998711361383,0.8189306870877057,0.6977704465288825,0.7288102546007514
0.1,4,1004,PoS,0.618,8,0.8072143233228721,0.7641232272542027,0.8163104230761337,0.8720685425668813,0.7558980780818493,0.7522416083983482,PoS,0.986,1,0.8053040844913917,0.7643920679530628,0.8179842606752947,0.8731029082846103,0.7549620240764955,0.7529154165851935
0.1,5,1005,PoA,0.444,13,0.7502826072872267,0.8189094616204835,0.7296795705265977,0.8147514362759186,0.7340204655463087,0.7261972280693494,PoS,0.986,1,0.7040694576187368,0.8191046307432973,0.7291229550105397,0.814076404793001,0.7311958535827642,0.7255537640612431
0.1,6,1006,PBFT,0.448,14,0.8560716369254685,0.7410905093896297,0.7960512476459831,0.9019626353300904,0.6582119285264963,0.8584234751552197,PoS,0.986,1,0.7788825545525387,0.740797046136681,0.7974727732127601,0.9010112957943586,0.6564407400959821,0.8593831921095204
0.1,7,1007,PBFT,0.386,9,0.8220020087393205,0.7854739047075436,0.7812609993968141,0.8820179915732983,0.8079680301995679,0.5817396055262898,PoS,0.986,1,0.7574173802508795,0.782645961445359,0.7806656893357635,0.8795764471339499,0.8033074767534704,0.581234342189639
0.1,8,1008,PBFT,0.4,13,0.8152980774600668,0.788349805603598,0.7450547402854849,0.8786994224430048,0.7194399147304168,0.7885189968154872,PoS,0.986,1,0.7211655996514631,0.7904635686299151,0.7470386085036077,0.8816723826512836,0.7198143827236777,0.7918048508073919
0.1,9,1009,PoS,0.409,11,0.8449745021990096,0.8188036940545685,0.7893416745287334,0.9022461957147068,0.6622192523068396,0.7254404235608263,PoS,0.986,1,0.7704521331737261,0.8209828870446981,0.7915865060154423,0.9028442786778108,0.6607479056840031,0.725861595422216
0.1,10,1010,PBFT,0.449,11,0.794944879986913,0.6271729380979072,0.6918597523600886,0.8843897012546399,0.7104945923382617,0.6483496664248934,PoS,0.986,1,0.6689566370358655,0.6265854802827013,0.6921106173092161,0.8859132181737962,0.7094231868964261,0.6482285771219125
0.1,11,1011,PoS,0.347,13,0.7500966954433573,0.7535986092831878,0.6945445264139759,0.8809510225201383,0.7331668316594535,0.8061288787873634,PoS,0.986,1,0.67214902527096,0.7543212184745898,0.695270511304838,0.8827240233668611,0.7326298972631566,0.8083181323873833
0.1,12,1012,PBFT,0.419,11,0.8717252903932281,0.8153159490012777,0.8121929818172198,0.901758026834181,0.6827205179599459,0.8173216830288984,PoS,0.986,1,0.7984544877603026,0.8156597002324242,0.8122834956873455,0.8997230080953441,0.6797331327327361,0.817412513772797
0.1,13,1013,PBFT,0.533,8,0.8464321755450823,0.7491741858689086,0.780925658307505,0.8660810921207387,0.6821090359502726,0.7249408211189131,PoS,0.986,1,0.7606924650084779,0.7505953319742968,0.7840428546513623,0.8683332574980895,0.6820467586812887,0.7264625300331571
0.1,14,1014,PBFT,0.499,13,0.8423728236379706,0.7688037037087586,0.76130912727323,0.8778909142882292,0.7318319414611065,0.805670796796659,PoS,0.986,1,0.736185335788353,0.7695685027981496,0.7631504329573445,0.8800545672273921,0.731313164731668,0.807969255303136
0.1,15,1015,PoS,0.513,7,0.8174701424772737,0.785084155256544,0.8302803187733736,0.8799754010628785,0.675327068292481,0.7674450064674312,PoS,0.986,1,0.8255600102192673,0.7882229265828534,0.8342680234292795,0.8842031920775862,0.6760849817502005,0.7717563073941005
0.1,16,1016,PBFT,0.338,13,0.8019121607719412,0.7307673466186054,0.7647672343355568,0.7977843580388051,0.8265559049678327,0.7728637808124997,PoS,0.986,1,0.7405951737197718,0.7319161659456674,0.7673799129281719,0.799684980291554,0.8280017951256345,0.7759528994286721
0.1,17,1017,PoS,0.434,13,0.7544561854396422,0.8017378252965565,0.7639684606835664,0.8551676071907068,0.652197321547884,0.7728870397782643,PoS,0.986,1,0.7387553465198405,0.8040397398983707,0.7656213280490214,0.8571822270938602,0.6513120404291499,0.7755860600479443
0.1,18,1018,DPoS,0.35,13,0.8353852806105969,0.8096533617904453,0.831923432928559,0.8628172605443037,0.779836933848337,0.7933670992331918,PoS,0.986,1,0.8235165441321138,0.8096424361535198,0.8312648030405985,0.8608143798671812,0.7766963104329948,0.7934986121006311
0.1,19,1019,PBFT,0.425,11,0.8097706977185533,0.7889705460644229,0.6913855670221601,0.9009370799994024,0.7314801078510359,0.7398425804896737,PoS,0.986,1,0.6700835182875886,0.7914536448637096,0.6929070717678708,0.9034576100795904,0.732031928172813,0.7417561563279892
0.1,20,1020,PoS,0.511,10,0.8393229067972535,0.7906971116021095,0.809272193783532,0.8911156222286047,0.726053603156152,0.756091891891633,PoS,0.986,1,0.7953524495710987,0.790286804899278,0.8105628992558308,0.8917902666949565,0.7240115317492084,0.7559570936090418
0.1,21,1021,PoS,0.728,8,0.8823347166533658,0.7488041044214686,0.8639567645696963,0.9024463900896568,0.6752360894768197,0.8086102805805919,PoS,0.986,1,0.8679827829577957,0.7507405506996686,0.8680713845227789,0.9054369712421256,0.6755608458353866,0.8122906493848456
0.1,22,1022,PBFT,0.862,3,0.8710209782627495,0.8159616836375047,0.7303629526728405,0.9021615035113518,0.7656397978153584,0.7084281239666547,PoS,0.986,1,0.7030994786800937,0.8151428165496103,0.7287259246429997,0.8989440586160017,0.761594027673734,0.7066745219799182
0.1,23,1023,PBFT,0.392,11,0.8139594151866228,0.8031541555701703,0.749451714317677,0.8989691061802485,0.6318956917389041,0.7313678729139647,PoS,0.986,1,0.7246692888175267,0.8058250000382793,0.7508789437067357,0.9007219305060626,0.6311750357628165,0.732600419573101
0.1,24,1024,PBFT,0.509,10,0.8333971537991656,0.8114532226693197,0.7111334148072347,0.9006596369056186,0.7782611717034228,0.681950199902008,PoS,0.986,1,0.6881240779896113,0.8141536750294756,0.7122338134245529,0.9016434754479128,0.7781591835823968,0.6827261230699642
0.1,25,1025,PBFT,0.406,13,0.8155480055339085,0.8072079368067407,0.7522900129763268,0.9024330686619828,0.6398084710765106,0.8545790177395189,PoS,0.986,1,0.7261015013801134,0.8084052770061563,0.7525155585076857,0.9016712967323844,0.6377260704659304,0.8549437841239852
0.1,26,1026,PBFT,0.511,10,0.8190143253590493,0.77649419079015,0.7243169901549381,0.8654043425986199,0.72668543226476,0.7589943567481505,PoS,0.986,1,0.6985979476727702,0.7749531883623961,0.7235007079118004,0.863353614027798,0.7236939528632104,0.7586046328689037
0.1,27,1027,PoA,0.557,12,0.7393675118752067,0.7889128180115765,0.6319125466920054,0.838683571251952,0.8295576125965447,0.7394336748964517,PoS,0.903,3,0.6555378095609058,0.7899609166599696,0.6323351365771832,0.8398562335950219,0.8302964544072052,0.7405280012004021
0.1,28,1028,PBFT,0.346,10,0.8085924088482923,0.7909322197236575,0.7368754244189792,0.8949470529748861,0.7073436312036153,0.7407953957611758,PoS,0.986,1,0.7104458999511735,0.7899240582492912,0.7361416744878779,0.8927286358488329,0.7042902042401498,0.7400778465237888
0.1,29,1029,PoS,0.393,13,0.8640979032869248,0.6272036632453183,0.8365742785286759,0.8816529244575052,0.6503635562804523,0.7857081581413257,PoS,0.986,1,0.8337796781421684,0.6284956747892412,0.8400185071603267,0.8853245232997644,0.6509895509868016,0.7897757306255944
0.1,30,1030,PBFT,0.549,10,0.8295272152867362,0.7906205748811749,0.7836157895008523,0.8460818800422896,0.6592275283607628,0.6775647549245135,PoS,0.986,1,0.7649225264869493,0.7930824957678382,0.7873399883838911,0.8488251158182266,0.6592993243124049,0.6790250539069128
0.1,31,1031,DPoS,0.385,13,0.86428978211828,0.7869583005738063,0.8075706993243115,0.8985680084858914,0.6803049382391937,0.8350863341790296,PoS,0.986,1,0.7912243408739986,0.7838740409997113,0.8059962116956105,0.8943036768091566,0.6757112972795319,0.8329646289875816
0.1,32,1032,PBFT,0.559,12,0.864520055949323,0.7737409144979134,0.7749710495019447,0.8931173960185547,0.7867701321565869,0.728492286640791,PoS,0.986,1,0.7549497982331164,0.7763367469120838,0.7793050767103002,0.8960587982705251,0.7884253166348442,0.7309272840481208
0.1,33,1033,PBFT,0.527,12,0.8538106351426632,0.733574183646274,0.7600047248016971,0.8858274404540225,0.6769455987971428,0.8436042569831749,PoS,0.986,1,0.7351640275196849,0.7342491029070143,0.7620430249956665,0.8873381994414975,0.6761368407609526,0.845505822455111
0.1,34,1034,PBFT,0.454,10,0.810903090860463,0.736910805414082,0.6942974746843916,0.8951624606667055,0.7350080156390034,0.7966966677968655,PoS,0.986,1,0.6696689835759568,0.7346399561612983,0.6926927648274809,0.8926719517602184,0.7312769784742634,0.7965107910054221
0.1,35,1035,PoS,0.515,12,0.7546588152784355,0.7961886512624221,0.7384304883918482,0.8982057635193554,0.7001927140470079,0.8333211717816194,PoS,0.986,1,0.7134688235000808,0.7970902623140429,0.7389592900069412,0.8981528805958592,0.6988377869336462,0.8343591620391708
0.1,36,1036,PBFT,0.405,15,0.7968120526123602,0.7458354149268999,0.7744701384438795,0.9021165177263268,0.6966408956550268,0.8214820535840414,PoS,0.986,1,0.7529977709653102,0.7473419532275417,0.778087380491014,0.9045306972673516,0.6968048895641638,0.8246767784569368
0.1,37,1037,PoS,0.515,12,0.7621962956346306,0.7891904118661315,0.778646339466509,0.8078845762165795,0.645412920328978,0.79731082874861,PoS,0.986,1,0.7565652957766558,0.7891421619719692,0.7803926668064347,0.8086822993540043,0.6433878033317287,0.7987108442242665
0.1,38,1038,PBFT,0.452,13,0.8028406040371214,0.8127587726721249,0.6738331330959547,0.8952742485486445,0.7089704016638948,0.8076719212906149,PoS,0.986,1,0.652815383235288,0.8169312531310701,0.6751190386619516,0.8984902885762309,0.7094924391281162,0.811269348180883
0.1,39,1039,PoS,0.395,18,0.7348482540957453,0.7242908809429763,0.7287532556585733,0.8614431965175531,0.6858341419895913,0.7937275855658614,PoS,0.986,1,0.7040702093998431,0.7240346732142292,0.7291474293523768,0.8614123959580093,0.6843458623941832,0.7953038586332971
0.1,40,1040,PoS,0.448,13,0.7605663209663046,0.7985985338818616,0.754046122464355,0.8450031499030365,0.7159883790113927,0.7851959364163924,PoS,0.986,1,0.7284784242163875,0.800112730813193,0.7548619883565691,0.8458866874285765,0.7148348039284951,0.7872806532052811
0.1,41,1041,PoA,0.512,12,0.8289950345441144,0.7871060636633022,0.7558032505597209,0.9029720578528344,0.8500543254912509,0.8332803959346898,PoS,0.986,1,0.7310876731424824,0.7889571749299138,0.7576575816009975,0.9053104585669368,0.8524943408463591,0.8360840796533137
0.1,42,1042,PBFT,0.565,9,0.8169848180627578,0.8119974326160282,0.6990583304728806,0.901364558810218,0.7401668267620378,0.7639702454635754,PoS,0.986,1,0.6721330908974168,0.8086136021634431,0.695738305231864,0.8945188112837393,0.7337224500641797,0.7613623158724274
0.1,43,1043,PoS,0.507,8,0.8441819709995154,0.8157114976671554,0.8424559174938018,0.8528706117041238,0.7449156886397573,0.7471566379897686,PoS,0.986,1,0.8410835032839704,0.8193666860653079,0.8455478761519685,0.8554032650673289,0.7455389776340623,0.7489901892906959
0.1,44,1044,PBFT,0.542,11,0.851640269775339,0.7069097960483823,0.790245160460596,0.9026401655712598,0.774386941968832,0.679854738230441,PoS,0.986,1,0.7719016364459972,0.7068612619188579,0.7923465600601591,0.9024179276543852,0.7734318990738112,0.680189159997039
0.1,45,1045,PBFT,0.51,10,0.8566577806049884,0.7984431893247497,0.7310239904125323,0.9023250637268448,0.8393979718984345,0.7329562652162492,PoS,0.986,1,0.707935158072736,0.8021536684118666,0.7331697586666139,0.905081841743817,0.8426898991979894,0.735043390028179
0.1,46,1046,PoS,0.764,5,0.8659719227640575,0.7725506346757186,0.8295256831980959,0.894340571254834,0.6221231682648106,0.6669200068927877,PoS,0.986,1,0.8167844286176764,0.7682236278178852,0.8263337989341725,0.8890779899484686,0.616944460946289,0.6637488597884079
0.1,47,1047,PoS,0.617,7,0.8281542809200837,0.757085631716609,0.8085283088594075,0.9018037050968304,0.7773158807659551,0.8447729617344539,PoS,0.986,1,0.7958747770971432,0.7576553432249864,0.8106216452156629,0.9020556544726888,0.7767432337141854,0.8463129809580119
0.1,48,1048,PoS,0.388,13,0.8437125094126119,0.6972772158443067,0.8094331656441173,0.8786026752444946,0.7569907366211839,0.7480775909084242,PoS,0.986,1,0.7976218942110787,0.6981376481458851,0.8121322090237443,0.8812026945933423,0.7573312504104269,0.749788235417474
0.1,49,1049,PBFT,0.598,15,0.84540044994103,0.7698684575250869,0.6755092851706189,0.90315907050307,0.6687769360491702,0.8451379107870856,PoS,0.986,1,0.6527211783912295,0.7693250692171946,0.6750924431849898,0.9024989516052208,0.6667699085598419,0.8455305232644906
0.1,50,1050,PoS,0.554,11,0.8302326220737386,0.7431646647511425,0.8217543022386217,0.8258128624442597,0.7065414320458995,0.8398610295084918,PoS,0.986,1,0.8134678244660235,0.7442338926526474,0.824281924659365,0.8279251995165865,0.7063892073876011,0.8421823149911742
0.1,51,1051,DPoS,0.338,14,0.7971651464374779,0.8153569691648415,0.7339004572693075,0.846018011365087,0.7073739177151264,0.8653297452909825,PoS,0.986,1,0.7084192861118289,0.817133002150017,0.7339812767300288,0.8463731465003014,0.7056703981988544,0.8668208584027509
0.1,52,1052,PBFT,0.773,6,0.8332279558820972,0.733223579266283,0.7753581148405094,0.8493121959307746,0.6995204122292983,0.7223377305102209,PoS,0.986,1,0.7503328669183109,0.7306875549646872,0.7749741795835212,0.8464430881719498,0.6956424398479777,0.7206191207571366
0.1,53,1053,PoA,0.564,8,0.6995725003946056,0.6766721645416289,0.5569004831535661,0.8516549128355084,0.8061237932093818,0.7088189925351512,PoS,0.986,1,0.5424827372590255,0.6753693478744907,0.5581762252925639,0.8501083471596788,0.8035159202975324,0.7083735074462351
0.1,54,1054,PoS,0.561,8,0.7975028712563478,0.8144568749753411,0.8174332797526667,0.8793448380983888,0.6086953316600332,0.7589881627218837,PoS,0.986,1,0.8045721186965684,0.8147081891235702,0.8173295240751514,0.8787445646678708,0.6055482032156103,0.7585225830561234
0.1,55,1055,PBFT,0.591,12,0.8553272276384943,0.7334981140932391,0.6943210280127508,0.9023588274554996,0.681825844826168,0.7765271318356343,PoS,0.986,1,0.6696111238122531,0.7316535316618472,0.6931990410006392,0.8993508643984187,0.6785873474240265,0.7764744394230022
0.1,56,1056,PoS,0.516,6,0.7703274964878788,0.7153776448551359,0.7817236992284914,0.8055287660549013,0.7362570789788526,0.7587316282995624,PoS,0.986,1,0.757313979290685,0.7117555954553549,0.7800995242427593,0.802317114593444,0.7310134686406975,0.7565810793193305
0.1,57,1057,PoS,0.446,7,0.8218005432978327,0.6995029535965708,0.7171588951070912,0.9000879982974619,0.8277604573944494,0.7526753852204597,PoS,0.986,1,0.6923117332556942,0.6981395473538246,0.716575092735193,0.8982950125207365,0.8260141708555944,0.752306554150508
0.1,58,1058,PBFT,0.59,7,0.8475099601217462,0.7744328761604038,0.7675413284994779,0.901946142844517,0.7615106178225581,0.777205861203531,PoS,0.986,1,0.7436179398357468,0.7757138497103772,0.7701219068929348,0.902365577781986,0.7614127995366575,0.7800723076144164
0.1,59,1059,PoS,0.773,7,0.8078304620683948,0.8159644793010776,0.8254755029038322,0.9023310115445216,0.7000189213626895,0.7458414072915983,PoS,0.986,1,0.8085601729287274,0.8093736572541477,0.8191626734922635,0.8916622272404806,0.6913117685994334,0.7402254916821619
0.1,60,1060,PoS,0.991,1,0.8505861294041386,0.8182853970875441,0.853063307798191,0.9023671980153872,0.6584070512769911,0.8094596210665984,PoS,0.986,1,0.8540585218096148,0.8224863616680129,0.856472531411668,0.9051647236223852,0.6587368159133876,0.8131245320795032
0.1,61,1061,PoS,0.437,14,0.7070971586681446,0.7445186947797572,0.6425170468727519,0.9025344870859268,0.7619730168364568,0.7761046956701204,PoS,0.986,1,0.6215595392377888,0.7436876214231352,0.6418495518982407,0.9006855356335343,0.7597591964454916,0.7771917075909718
0.1,62,1062,PBFT,0.508,11,0.8163666079444535,0.816419375352629,0.7352895807776216,0.8560782866030182,0.6657018600202049,0.7877866694349079,PoS,0.986,1,0.7124005537166924,0.8208885193758801,0.73766488655794,0.8592605780108702,0.666234259592444,0.7917814382964425
0.1,63,1063,PoS,0.34,16,0.7786403526333968,0.7085311998269117,0.8001330451776464,0.7796918684935854,0.6725109539800729,0.8551869022895325,PoS,0.986,1,0.7861924484839694,0.7101222079426841,0.8038367084526703,0.7815299789579826,0.6728503850890508,0.8586351762741751
0.1,64,1064,PBFT,0.447,11,0.7960562686115132,0.7179974366482346,0.7739342001325231,0.8998252072421999,0.7037570278605062,0.6910732864146273,PoS,0.986,1,0.7530848002581959,0.7202568304135265,0.7781387941320136,0.903187777816182,0.7048452621052527,0.6931918005468264
0.1,65,1065,PBFT,0.674,8,0.860182890764073,0.6846815803203056,0.7428109499568163,0.902467122035225,0.6303475189761496,0.8369679707202676,PoS,0.986,1,0.7187366115417326,0.6854537560507069,0.7444432525853883,0.9045741340159932,0.629816097158744,0.8397848996546381
0.1,66,1066,PBFT,0.63,7,0.8160336378424956,0.804194151687508,0.7479808512383763,0.8896150048300699,0.6726600403632956,0.7660080399286787,PoS,0.986,1,0.7199776178534155,0.8026171913885439,0.7460686862882869,0.8865974941891206,0.668648559825969,0.7649202637846643
0.1,67,1067,PoS,0.664,7,0.8380307835869941,0.6695628903029895,0.8391315133410696,0.8645210886409869,0.7687706087977684,0.7888421257769568,PoS,0.986,1,0.8359685398405353,0.6700642671631426,0.841674744069656,0.8665196805060585,0.7690627101781844,0.7917634994150397
0.1,68,1068,PoS,0.411,13,0.7982088623035852,0.8071155702618692,0.7722229762616867,0.8983181968687189,0.7293385322794645,0.8046618771039044,PoS,0.986,1,0.7505360050231081,0.8107249600862259,0.7757486076317376,0.9007328094981224,0.7299442518138383,0.8078251514053015
0.1,69,1069,PBFT,0.687,7,0.8836577312449198,0.8081970635707941,0.8033643872639166,0.8959062369950723,0.6873329431441635,0.8304169198258267,PoS,0.986,1,0.7899765862733221,0.811037713788059,0.8060121083964545,0.8975998615034799,0.686791677903371,0.8327875839671252
0.1,70,1070,PBFT,0.676,8,0.8134192751246629,0.7992126753340896,0.7032926427826981,0.9026823226711218,0.6965347714635758,0.7869355224979433,PoS,0.986,1,0.6788625797238418,0.7996760392352994,0.7027599475362384,0.9012252840400008,0.6942042302828628,0.7880117724503143
0.1,71,1071,PBFT,0.666,7,0.8777308189556717,0.7568857277365776,0.7835490852154229,0.9005634648994353,0.7230240714690406,0.6773522999772854,PoS,0.986,1,0.7633832653671974,0.7577900804337914,0.7861919061920567,0.9021832711611047,0.7228017915880863,0.6779646972039793
0.1,72,1072,PoS,0.505,10,0.8330311319846335,0.7905718203930776,0.8449534561329647,0.789696646449001,0.7736726739047116,0.7069033970252216,PoS,0.986,1,0.8448684060230242,0.7937141345011566,0.8488372068175247,0.7924621284025984,0.775569924916778,0.7093304787459079
0.1,73,1073,PBFT,0.432,12,0.7790589444628674,0.7447738337130927,0.7131195965591379,0.8708827383187465,0.7038964681687536,0.6580913192514619,PoS,0.986,1,0.6900572284247537,0.7456717963900267,0.7140580276366966,0.8729334589302382,0.7034873559625451,0.6584781881314345
0.1,74,1074,PBFT,0.401,11,0.799899428037922,0.814531037517915,0.7736757791732315,0.8506617411622539,0.6890628813203828,0.7901780031499859,PoS,0.986,1,0.7521007838614275,0.8185343664553866,0.7773212104078042,0.8534928157474263,0.6894960568787314,0.7937515695077937
0.1,75,1075,PBFT,0.549,12,0.8642140885553418,0.7777374548912003,0.7316966592576116,0.8929396271554678,0.7109640729294953,0.8229875533898291,PoS,0.986,1,0.7072190568387106,0.7784339996303543,0.7326689919820953,0.8935166130909089,0.7100899567176769,0.8246970612859205
0.1,76,1076,PBFT,0.5,11,0.8031554187963593,0.7301439037145544,0.6863225517360222,0.9021801692555554,0.71949317148065,0.7548978739204721,PoS,0.986,1,0.6646549517133349,0.7311521331062082,0.6874152592914367,0.9035345213705802,0.7194529438072368,0.7565940058026326
0.1,77,1077,PBFT,0.39,10,0.8015714299269973,0.7561879563968955,0.6922784611096365,0.8591544697067941,0.7868616436863499,0.7691822151595236,PoS,0.986,1,0.6682932556550212,0.7549414624098008,0.6914677241211297,0.8581408658444003,0.78431337258262,0.7699158003137953
0.1,78,1078,PBFT,0.547,10,0.9036938154441088,0.7923760001287442,0.8563230973109632,0.8999243925682305,0.6724088340584091,0.7533363442995094,PoS,0.986,1,0.8584688645867442,0.7950282589106619,0.8592803911822102,0.9019682865605164,0.6726054031847111,0.7555772958108293
0.1,79,1079,PoS,0.436,15,0.8018302545599792,0.6477732942906858,0.7868410028087752,0.8982849084413564,0.7635369175239737,0.7651465956848502,PoS,0.986,1,0.7688323625789482,0.6481245760665538,0.7900238801167885,0.9006241843850733,0.7638835980579224,0.7677561102200993
0.1,80,1080,PoS,0.511,11,0.7616581913367892,0.7558549512402839,0.695165457421965,0.8919805402572631,0.7818710179820129,0.7628427979600951,PoS,0.986,1,0.6687064861892149,0.7511937586000877,0.6918332209412366,0.8853784433213565,0.7750468406789116,0.7597697508660115
0.1,81,1081,PBFT,0.702,8,0.8529134508416273,0.802661223328498,0.7220862326575961,0.8993000110347702,0.7556954929197884,0.6794387492489656,PoS,0.986,1,0.6957220264169109,0.8015866525414083,0.7207010307049923,0.8959299620810789,0.7517594537111627,0.6779800232845091
0.1,82,1082,DPoS,0.449,13,0.7989420135771933,0.688995666925256,0.8062048474031478,0.8686071316420316,0.5717452202486651,0.8700835040701949,PoS,0.986,1,0.7936426387648801,0.6900297026644714,0.8090824067449378,0.8707735234667591,0.5709242097622848,0.8727503943327399
0.1,83,1083,PoS,0.589,9,0.8504829995224701,0.8113943143843579,0.8605648993988833,0.9022024687686228,0.7702968588209221,0.7487019213006613,PoS,0.986,1,0.8638082754763065,0.8153719377063174,0.8642849869693708,0.904637141041711,0.7712031090616864,0.7509388887262878
0.1,84,1084,PBFT,0.884,4,0.8800777787373076,0.708542684665564,0.7944877962222539,0.8973505789785773,0.727305020071029,0.7414367639643926,PoS,0.986,1,0.7767803232196705,0.7076234218262284,0.795532060996549,0.8961003088162468,0.725114943421657,0.7413433537467661
0.1,85,1085,PoA,0.569,11,0.7593294750081969,0.705777422597939,0.7834175695070266,0.877080227441377,0.6869926786151729,0.7995479044646532,PoS,0.986,1,0.7627342625516371,0.7055681248583501,0.7852288743368973,0.8778042060728207,0.6855829475364486,0.8011135591282175
0.1,86,1086,PoS,0.601,12,0.7818061103244707,0.7803355553040823,0.7928524309393208,0.8312366976796879,0.6856978209742758,0.7939456242479835,PoS,0.986,1,0.7715564547404012,0.7773013771367234,0.7915259225317186,0.8280629841477827,0.681089076038428,0.792603628240413
0.1,87,1087,PoS,0.772,7,0.748477546336153,0.6257408251959797,0.7786825544429546,0.7989221647194678,0.6408885134735653,0.7826378753912858,PoS,0.986,1,0.7559608312654927,0.6241667049633024,0.7791112550214959,0.7979867465431397,0.6381423503636079,0.7831054342970508
0.1,88,1088,PBFT,0.361,13,0.8310359648085894,0.6903294837610452,0.7760731707498635,0.8933491106035231,0.7207983851929339,0.7789916756640178,PoS,0.986,1,0.7539337010281961,0.6905957224287848,0.7789648586868541,0.8950069207033341,0.7203069167289614,0.7817760427871135
0.1,89,1089,PoS,0.512,11,0.7570168826449607,0.6452548792882171,0.7834253925635691,0.834589982986892,0.6276205282296483,0.6494899966334459,PoS,0.986,1,0.760870990025124,0.6426473661389821,0.7831829973852641,0.8325815031544741,0.6239548879397955,0.6475057282420719
0.1,90,1090,PBFT,0.33,16,0.7911439416409769,0.811380911083307,0.7081328612666441,0.8472451902915229,0.7363442417109316,0.8279629043787858,PoS,0.986,1,0.6839045094072442,0.81238122227959,0.7076105128774038,0.8467499854456269,0.734086040843698,0.8283217013942115
0.1,91,1091,PoS,0.759,12,0.7861032870740551,0.7078564789646467,0.8043486880685199,0.8036614738200483,0.7132643782274585,0.7775530715521491,PoS,0.986,1,0.7911455655864418,0.70919296867599,0.807934487203413,0.8068587832986109,0.7137673255622162,0.7814306331334925
0.1,92,1092,PoS,0.44,13,0.7579587696434933,0.7118480127245611,0.7426718890847446,0.8988254651356583,0.6823474860609033,0.8533033664105754,PoS,0.986,1,0.7149818429642956,0.7095810063964588,0.7413078698443214,0.8961173968403311,0.6788135165011822,0.8521901464809052
0.1,93,1093,PBFT,0.552,13,0.8448431069924734,0.7869405810704821,0.7170295629950757,0.8937621996596736,0.6947760527926363,0.7786918964280974,PoS,0.986,1,0.6875056665837649,0.7796329983149646,0.711753074587831,0.8839149371747732,0.6860467024099343,0.7742167723877751
0.1,94,1094,PoS,0.448,15,0.7924287307654534,0.7073519913305013,0.818393627406286,0.8212985490066717,0.6222312710985816,0.8361695286115185,PoS,0.986,1,0.8050623152259077,0.7047811401000255,0.8170567517530265,0.8191603295747425,0.6185140408177632,0.8345352995976927
0.1,95,1095,PBFT,0.588,13,0.8728212645899704,0.6912265127142099,0.8178147937445032,0.8842250873169241,0.7302993333541312,0.8469666230526928,PoS,0.986,1,0.8095707809861872,0.692561390834947,0.8213188631674486,0.8876321518863673,0.7310556188360633,0.8501405286964777
0.1,96,1096,PBFT,0.564,11,0.8956837735526314,0.7349357875622502,0.8327442298005269,0.9025099694969388,0.5962813123390677,0.743965880815803,PoS,0.986,1,0.8284117504669609,0.7367143556275055,0.835878113244549,0.9046409812815888,0.5959788263516396,0.74622807541334
0.1,97,1097,PBFT,0.499,12,0.7957581922106237,0.7640722112673679,0.7316956244432385,0.8756754932962995,0.6599246674044305,0.7505921019008618,PoS,0.986,1,0.7038958248087195,0.7603474901178306,0.7290437281751694,0.8717679342985546,0.6549811298032134,0.7479504715866334
0.1,98,1098,PBFT,0.418,10,0.8513394889201465,0.7368403046733597,0.7903121947724728,0.9018328836386982,0.7305273242036947,0.8634912628737234,PoS,0.986,1,0.7728521891338819,0.737719488660087,0.7932635631221086,0.9036404552182106,0.7303436628484757,0.8662219074700238
0.1,99,1099,PoS,0.497,8,0.748278074529074,0.7567481830818715,0.7153018574695714,0.8429413200766811,0.7236149102313852,0.7944484540217327,PoS,0.986,1,0.6907296235777728,0.7559676545273057,0.7149968910717772,0.8426339995602942,0.7215913459590068,0.7955492761231076
0.1,100,1100,PBFT,0.717,8,0.854936067116626,0.7920288843751023,0.734698932858895,0.8953777577800633,0.6411221749301562,0.6356415837436187,PoS,0.986,1,0.710113099706701,0.7931084671866617,0.7358347086078407,0.8964100247522285,0.6403283291749144,0.6358028627187005
0.1,101,1101,PoA,0.372,13,0.7346395694354774,0.7932111505358914,0.6825649654146757,0.8639367293521029,0.7739034457046762,0.8010600294380062,PoS,0.986,1,0.6621073481735159,0.7962713950421393,0.6846143636066035,0.867116119082928,0.7755826671584262,0.804950461483685
0.1,102,1102,PBFT,0.695,8,0.8775440809878551,0.7889792809980061,0.781133102578584,0.9019871707319604,0.7285794021211016,0.8202512929876631,PoS,0.986,1,0.7598313607026094,0.7887721872893746,0.7827139943213507,0.901337075022048,0.72673484659125,0.8212833521233621
0.1,103,1103,PoS,0.469,10,0.8192521143166719,0.8038316243248511,0.6591264578288217,0.8993318541050692,0.7060198986187622,0.8531937142788942,PoS,0.986,1,0.6388955592950142,0.8065355622148531,0.6599270787613106,0.9003758768386569,0.7057200915350437,0.8550460988142394
0.1,104,1104,PoS,0.556,10,0.7781300930541424,0.7070281387238027,0.7952195430957735,0.7880605490315203,0.7279188005265733,0.6920695734559668,PoS,0.986,1,0.7794544378693392,0.7085713631621072,0.7985262364910275,0.7898165139814818,0.7286944862260412,0.6937920678631615
0.1,105,1105,PoS,0.733,5,0.8323334131275897,0.6487096567129906,0.8043787425470819,0.875241175339957,0.8551580588381121,0.7327126070932756,PoS,0.986,1,0.789784939205775,0.6488730917820664,0.8067160102019877,0.8768557371888862,0.8563459254639042,0.7339281093779482
0.1,106,1106,PBFT,0.569,8,0.8528482529910807,0.7846756526932277,0.723175543712596,0.9022707387776164,0.6680962863430191,0.7830264174075419,PoS,0.986,1,0.6963237288006878,0.7819394367401036,0.721223952453588,0.8983841341185063,0.6639577040698075,0.7822554669577464
0.1,107,1107,PoS,0.51,11,0.8197886265335317,0.723977128478035,0.7669851187800673,0.8877675615916227,0.6641729314345309,0.7474658627574364,PoS,0.986,1,0.744044886145394,0.7256005351324879,0.7705606163546034,0.8911948246644467,0.6644170474439246,0.7497112517330312
0.1,108,1108,PoS,0.587,10,0.8724128197545151,0.8076524421429443,0.8353801186287598,0.9001106455551473,0.7147744280234122,0.8165575277903853,PoS,0.986,1,0.8312639720972956,0.8118883137090909,0.8388045057580085,0.90294049479424,0.7156188305887222,0.8201543744601283
0.1,109,1109,PBFT,0.694,8,0.8666686687504257,0.8165468558371367,0.7602571189314037,0.9003173578427587,0.7078733579818624,0.7502546776804822,PoS,0.986,1,0.7300227828131856,0.8128218413547996,0.7568844006804109,0.8936939969752212,0.7015022537534215,0.746596830160878
0.1,110,1110,PoS,0.447,12,0.7768508163906312,0.7554918743444334,0.7915397681775493,0.8627325653592818,0.627098915281317,0.7452965337855513,PoS,0.986,1,0.7740418928078452,0.7565363557267879,0.7941935955376009,0.8643626938905298,0.6263253604892556,0.7466541234597714
0.1,111,1111,PoS,0.523,8,0.8095650199670623,0.8177056553453945,0.8010241138410211,0.8991597538762176,0.656213006423272,0.71320751808085,PoS,0.986,1,0.785691280314087,0.8197783690252167,0.8028510617657589,0.8992095381357741,0.654537379766167,0.7134454058554113
0.1,112,1112,PBFT,0.763,7,0.8306226558807298,0.7823182316882759,0.6511361924541352,0.902923434882984,0.6148378258544874,0.791902604429912,PoS,0.986,1,0.6298259268913117,0.7822177683569563,0.6507120561937023,0.9029824249333214,0.6128092186264605,0.7936275564480727
0.1,113,1113,PoS,0.587,9,0.8539036578152315,0.7260577637755892,0.8124236389586204,0.8993973779819069,0.6284585732710017,0.8563178698881282,PoS,0.986,1,0.800345473153706,0.7267344162179418,0.8145998203606296,0.900026400037618,0.627510465220456,0.8579763385057273
0.1,114,1114,PBFT,0.416,9,0.8035918142980575,0.7511817718302912,0.6704846688961064,0.8828557892256049,0.7765750738241746,0.7742061574981172,PoS,0.986,1,0.649352007685459,0.7524601558831526,0.6714172844523815,0.8855390458046382,0.7770471604882017,0.7772274551096178
0.1,115,1115,PoS,0.671,7,0.7941767161137188,0.7506227099735497,0.8199135142288568,0.837891769920292,0.6283625620209675,0.7314490289106192,PoS,0.986,1,0.8115352534337703,0.752883536737612,0.82348084146569,0.8410576726793748,0.6285602715697017,0.7338642215707342
0.1,116,1116,PBFT,0.636,9,0.82666510191768,0.8121789452792967,0.7218838391318084,0.9026525177486708,0.7355632793790012,0.8034454600123783,PoS,0.986,1,0.6962823927520572,0.8120035336771316,0.7210197213546112,0.8998029181679419,0.7325240094203695,0.8031373912519386
0.1,117,1117,PoA,0.551,11,0.7967044351710167,0.7575919659500744,0.7686661969155505,0.8706858474588097,0.8131064000256735,0.7299289392848363,PoS,0.986,1,0.7457986695459418,0.7595137346062911,0.7719603878122377,0.8727849589312364,0.8143615607711899,0.7320169738095995
0.1,118,1118,PoS,0.54,6,0.7518505480633118,0.8194212725972553,0.778671559015816,0.8300150902937005,0.6947436138039987,0.769948232214363,PoS,0.986,1,0.7575391946368475,0.8232736197149741,0.7820091996187775,0.8328464014357013,0.6950357901082804,0.7731422684696517
0.1,119,1119,PBFT,0.564,9,0.8330333826862268,0.7284420860398538,0.7709720684358337,0.8965095570916267,0.75513218548161,0.8535466654373471,PoS,0.986,1,0.7463418217278464,0.7278852871451018,0.7724467535546503,0.896296258880338,0.7533864369876274,0.8543648748683991
0.1,120,1120,PBFT,0.828,8,0.8658048729114665,0.7286689764812565,0.7490596537697232,0.8974439178072445,0.672116374445201,0.7147060920787359,PoS,0.986,1,0.7247618221654335,0.7303016621201134,0.7512679077105535,0.9003840614382742,0.6724213942225711,0.7164460070231395
0.1,121,1121,PoS,0.486,12,0.8666303676977933,0.7831877836419461,0.8254203668692601,0.9026083424176248,0.736060328395258,0.8500856518426424,PoS,0.986,1,0.8183078822459868,0.7852817165985391,0.8288246285229218,0.9050850811872606,0.7367697391251417,0.853252789958532
0.1,122,1122,PoS,0.5,11,0.750391097677797,0.6959992106752091,0.7617290540215604,0.8378873964892803,0.7210564418156046,0.7752646503012557,PoS,0.986,1,0.7361931293631802,0.6960085695586476,0.7630555469073061,0.838874046612181,0.7200842787222475,0.7774169777259611
0.1,123,1123,PoS,0.462,13,0.8162354167211344,0.7220906135865728,0.771957899156529,0.9019079429420512,0.6929595004003783,0.7765579170507314,PoS,0.986,1,0.7500535174248822,0.7242103211645333,0.7758958059271149,0.9049748657553762,0.6939194921730941,0.7806017914541533
0.1,124,1124,PoS,0.482,8,0.7953676376939892,0.7195738021733499,0.7916737679929655,0.8722330781205758,0.6797880206612816,0.7197815822950697,PoS,0.986,1,0.7704741106798164,0.7168437075176655,0.7907774071382533,0.869099443733823,0.6756723166019047,0.718014344879505
0.1,125,1125,PBFT,0.538,10,0.886747651877708,0.672954131615079,0.8132465648961841,0.9006558982981872,0.7447293019072392,0.743397905029111,PoS,0.986,1,0.8025974312828319,0.674099297841555,0.8166153311676594,0.9034038842679176,0.7455511693202064,0.745473456492657
0.1,126,1126,PoS,0.732,6,0.8228317153176811,0.7518543272479139,0.8037382742190966,0.8540403295193157,0.681198141182174,0.8054426244863723,PoS,0.986,1,0.7895611374655507,0.7526511469299876,0.8060392381059379,0.8551463632105595,0.6804723265973828,0.8077152059109376
0.1,127,1127,PBFT,0.419,8,0.808526974320396,0.803642331174234,0.7630939549065248,0.8990044373921251,0.6462947758026025,0.6950805964638204,PoS,0.986,1,0.7395418312364084,0.8074605093667877,0.7664097211847636,0.9017245958371044,0.6464943120508717,0.6967622138984653
0.1,128,1128,PBFT,0.893,2,0.8696707378445216,0.7657589155395313,0.7333763407994629,0.9022327184228576,0.6329352911408763,0.7011886957789962,PoS,0.986,1,0.7083439305068862,0.765604813678236,0.7335472035882887,0.9023168165957138,0.6310599665047618,0.7011545662675872
0.1,129,1129,PBFT,0.776,6,0.8900331397774081,0.7260712769089108,0.8031301661759072,0.9021687915906388,0.6618620909420575,0.735740640003692,PoS,0.986,1,0.7899542616441834,0.7274940342327177,0.8061753563522647,0.9035521948342636,0.6618625157372475,0.7376803991223112
0.1,130,1130,PoS,0.424,12,0.8009156297600016,0.7622272454561728,0.7413672484368858,0.8838341851606244,0.7088567681961441,0.7528070756253276,PoS,0.986,1,0.714618093169483,0.7606967397422681,0.7405075237563465,0.8828798716934869,0.705854374415349,0.7520745517727297
0.1,131,1131,DPoS,0.468,15,0.8054404887923823,0.7516812934989184,0.7322603770310085,0.8508674350818315,0.6823207044056546,0.8294544107624269,PoS,0.986,1,0.7079054223089289,0.7528436128642841,0.7337057760454037,0.8528079497138126,0.6819248445577468,0.8320032952271356
0.1,132,1132,DPoS,0.464,17,0.8215075965907319,0.7800171028403553,0.7421640605741782,0.8983907921963105,0.6682079862350643,0.8233112633999364,PoS,0.986,1,0.7146197918528976,0.7779845376552655,0.7409160230389696,0.8954690964773953,0.6647964728092891,0.8225802196047914
0.1,133,1133,PoS,0.585,10,0.7644981210314034,0.681100763962843,0.7627988532450667,0.8672313531914841,0.6919228203612174,0.782810551319329,PoS,0.986,1,0.7372860120687132,0.6809397407953891,0.763912540046177,0.8680084628537674,0.6907567556526782,0.7850226868212832
0.1,134,1134,PBFT,0.699,8,0.8310471695925091,0.7540111222431595,0.6847883136112157,0.8889829576423378,0.6582367678114834,0.6286280136016317,PoS,0.986,1,0.6618003582835097,0.7533571660826163,0.6843451154513552,0.8889281273198425,0.6561243205667754,0.6278425098984097
0.1,135,1135,PoS,0.522,12,0.7022414061513893,0.7038819427998105,0.6563863562702117,0.8311647527546324,0.7043840872089447,0.7308850234819604,PoS,0.986,1,0.633872496565228,0.7016614791722313,0.6548282556879857,0.8292627281372591,0.7007683155278096,0.7295797437248936
0.1,136,1136,PoS,0.388,11,0.7256462995111063,0.7683338484540612,0.7471651475167835,0.8569995113804832,0.6697158599679651,0.6264859225046469,PoS,0.986,1,0.722156024153872,0.7690668776767494,0.7481414029312328,0.8582351295761544,0.6686384378472062,0.6265069714903192
0.1,137,1137,PBFT,0.516,12,0.8391527196596421,0.701863677887142,0.7260016975520774,0.8813957195408769,0.6747171256432807,0.8122097800794518,PoS,0.986,1,0.6980979761564997,0.697544350810755,0.7227457295309507,0.8761644032299373,0.6689920183379181,0.8093118557920659
0.1,138,1138,DPoS,0.332,14,0.8112966917632172,0.8028797408617506,0.7300816314153661,0.8927968183986686,0.7138314237792467,0.8353615896592396,PoS,0.986,1,0.7035836144635257,0.8017019853290382,0.7285020770976801,0.890300735511948,0.7101111615809789,0.8341546696794603
0.1,139,1139,PBFT,0.697,6,0.8391640152796151,0.7613692373149678,0.6771411833383785,0.902432150909069,0.7640417513459156,0.7799509164252021,PoS,0.986,1,0.6566941220513881,0.7634601242870885,0.6786525850804155,0.9046599873147644,0.7651071747439537,0.7835528852698049
0.1,140,1140,PBFT,0.543,7,0.8157182053409563,0.8157549877905974,0.7372066895083601,0.9023371420781918,0.6735348931087658,0.7894747781176732,PoS,0.986,1,0.709598839639447,0.813867549982911,0.7349296728566623,0.8979138886720854,0.6690231952228737,0.7882119439825691
0.1,141,1141,PBFT,0.457,9,0.8087900451871304,0.7208491995472075,0.6958792507332922,0.9025175848099252,0.7301515674742534,0.7487990735605592,PoS,0.986,1,0.6684927578151134,0.7159857535415536,0.6922150233054283,0.895727128794181,0.7234565869139696,0.7451793483111653
0.1,142,1142,PBFT,0.4,11,0.8328436592925018,0.8172072746575281,0.7667765029907907,0.877802296449938,0.742166908130343,0.7926652884555915,PoS,0.986,1,0.7442260426173921,0.8217278352388117,0.7707689006336991,0.8818178581321674,0.7435824206274846,0.796666158017389
0.1,143,1143,PBFT,0.514,10,0.8665492820819686,0.7475883674450242,0.7761153931687904,0.896148229029602,0.692310565679242,0.7885184648021434,PoS,0.986,1,0.755727894868631,0.7494300934084006,0.7798656766490288,0.8984335905999867,0.6927282737016344,0.7920779659355927
0.1,144,1144,PBFT,0.573,12,0.7998902996208972,0.7905300302393714,0.6073964885388091,0.8807715632080992,0.6653710851016795,0.7886825558730306,PoS,0.986,1,0.5900775812603468,0.7934899808057349,0.6088424123532741,0.8846002503953825,0.6658766978700118,0.7927795520536519
0.1,145,1145,PBFT,0.58,12,0.8040621488479972,0.7578314057146648,0.6186802089802514,0.8829382612795686,0.7198854558455939,0.6983851715413718,PoS,0.986,1,0.6005281850002298,0.7595001429119191,0.6195134546829482,0.8860415048757174,0.7203017695298095,0.6997971538729919
0.1,146,1146,PBFT,0.578,11,0.8478475195400871,0.787322364346118,0.7067857344420011,0.9023332501274371,0.6992274526310561,0.6926278362008229,PoS,0.986,1,0.6843782351466491,0.7895310412135059,0.7082992307686142,0.9047552102295332,0.6995534576904315,0.6939745582485558
0.1,147,1147,PBFT,0.885,6,0.8629512083570848,0.8124529173657625,0.6974801712299853,0.902774296048669,0.6020234838587637,0.8398630386545214,PoS,0.986,1,0.6751775448388159,0.8160368823871132,0.6989965174109268,0.9053678016611568,0.6017520860793933,0.8427701059094522
0.1,148,1148,PoS,0.664,8,0.8105345633529266,0.6588859512979521,0.8160284797974745,0.8708154955539892,0.6807570864126906,0.7998655101661207,PoS,0.986,1,0.8033418396907468,0.6570751235381445,0.8161006519579836,0.8696159906292674,0.6777437638298609,0.8002876640819138
0.1,149,1149,PoS,0.536,14,0.7528191176335315,0.8030870972230509,0.7585605279718525,0.8094929957630154,0.7101230520270261,0.8458405766519019,PoS,0.986,1,0.7335045475065483,0.8059313996134665,0.7603929731083688,0.8115885551796307,0.7097776122289788,0.848119487909067
