domain,seed,system,latency,throughput,energy,posture,switches
TRAFFIC,5,CDACF,0.17895076653766176,0.6426875066674944,0.7773399999999999,0.8527688207327615,11
TRAFFIC,5,PoW,0.29610078007618257,0.32473721905948966,0.08,0.7661561411375606,0
TRAFFIC,5,PoS,0.19694357782080027,0.5773106116613149,0.8800000000000002,0.7628345331665056,0
TRAFFIC,5,PBFT,0.1723256305932002,0.6494744381189793,0.6999999999999998,0.8863704364832395,0
TRAFFIC,5,PoA,0.19078909101390024,0.6639072034105122,0.9299999999999998,0.7044154370009994,0
TRAFFIC,5,DPoS,0.1477076833656002,0.6855563513478116,0.8599999999999999,0.7755571303456125,0
TRAFFIC,6,CDACF,0.1814734362439326,0.6413227055242019,0.77612,0.8541039685462143,11
TRAFFIC,6,PoW,0.30106526352942964,0.323920814317474,0.08,0.7665037301574114,0
TRAFFIC,6,PoS,0.20013735420197795,0.575859225453287,0.8800000000000002,0.7630534732156616,0
TRAFFIC,6,PBFT,0.17512018492673068,0.647841628634948,0.6999999999999998,0.8866174928307056,0
TRAFFIC,6,PoA,0.19388306188316615,0.6622381092712801,0.9299999999999998,0.7046411827608363,0
TRAFFIC,6,DPoS,0.15010301565148346,0.6838328302257783,0.8599999999999999,0.7756171870453276,0
TRAFFIC,7,CDACF,0.18069632193944238,0.6417412611479574,0.78226,0.8514513168663819,13
TRAFFIC,7,PoW,0.3023238498000364,0.3235183049792551,0.08,0.7651280911736594,0
TRAFFIC,7,PoS,0.1994061230604649,0.5751436532964536,0.8800000000000002,0.7619356781639631,0
TRAFFIC,7,PBFT,0.1744803576779068,0.6470366099585102,0.6999999999999998,0.8860374630983415,0
TRAFFIC,7,PoA,0.19317468171482538,0.6614152012909215,0.9299999999999998,0.7034520808603851,0
TRAFFIC,7,DPoS,0.14955459229534868,0.6829830882895385,0.8599999999999999,0.7749628470582585,0
TRAFFIC,8,CDACF,0.18494459365351762,0.6373683925165184,0.7960999999999999,0.8194019094546797,12
TRAFFIC,8,PoW,0.301995657645867,0.3241314552704974,0.08,0.7661411760926634,0
TRAFFIC,8,PoS,0.20089830264361647,0.5762336982586621,0.8800000000000002,0.7628208157658298,0
TRAFFIC,8,PBFT,0.17578601481316436,0.6482629105409948,0.6999999999999998,0.886758532946533,0
TRAFFIC,8,PoA,0.19462023068600343,0.6626687529974613,0.9299999999999998,0.7042787760926633,0
TRAFFIC,8,DPoS,0.1506737269827123,0.6842775166821612,0.8599999999999999,0.7756959414192831,0
TRAFFIC,9,CDACF,0.183225450323021,0.6388166731812513,0.7956799999999999,0.8191042990146706,13
TRAFFIC,9,PoW,0.30076586874012023,0.3246727329210268,0.08,0.7660277207814719,0
TRAFFIC,9,PoS,0.20008233578029092,0.577195969637381,0.8800000000000002,0.7624945163662593,0
TRAFFIC,9,PBFT,0.1750720438077545,0.6493454658420535,0.6999999999999998,0.8863946092515321,0
TRAFFIC,9,PoA,0.19382976278715683,0.663775365082988,0.9299999999999998,0.7042320215553624,0
TRAFFIC,9,DPoS,0.15006175183521817,0.6854202139443897,0.8599999999999999,0.7751634511857685,0
TRAFFIC,10,CDACF,0.18455906052805296,0.6416723293599745,0.7764599999999999,0.8537427452059706,11
TRAFFIC,10,PoW,0.3026566481808109,0.3241241889972939,0.08,0.7661050906144703,0
TRAFFIC,10,PoS,0.20315555198063823,0.5762207804396335,0.8800000000000002,0.7626580977631765,0
TRAFFIC,10,PBFT,0.1777611079830584,0.6482483779945878,0.6999999999999998,0.8864504150520537,0
TRAFFIC,10,PoA,0.19680694098124327,0.6626538975055787,0.9299999999999998,0.704341193943655,0
TRAFFIC,10,DPoS,0.15236666398547863,0.6842621767720648,0.8599999999999999,0.7753473837897384,0
TRAFFIC,11,CDACF,0.18249989963309066,0.6372042638372588,0.7966199999999999,0.8178518106590975,13
TRAFFIC,11,PoW,0.2987094439817694,0.32411232550321395,0.08,0.7663150037816384,0
TRAFFIC,11,PoS,0.19832972284414516,0.5761996897834916,0.8800000000000002,0.7630528754026515,0
TRAFFIC,11,PBFT,0.17353850748862698,0.6482246510064279,0.6999999999999998,0.886742666762747,0
TRAFFIC,11,PoA,0.19213191900526558,0.6626296432510151,0.9299999999999998,0.7044545170761721,0
TRAFFIC,11,DPoS,0.14874729213310883,0.684237131617896,0.8599999999999999,0.7757638840163524,0
TRAFFIC,12,CDACF,0.18311733118060547,0.6382639384855177,0.7955,0.8194594998017332,13
TRAFFIC,12,PoW,0.30082559387340746,0.3243167010928843,0.08,0.7661163993031302,0
TRAFFIC,12,PoS,0.20010909137931146,0.5765630241651276,0.8800000000000002,0.7627262534986473,0
TRAFFIC,12,PBFT,0.1750954549568975,0.6486334021857686,0.6999999999999998,0.8864464569931549,0
TRAFFIC,12,PoA,0.19385568227370797,0.6630474777898967,0.9299999999999998,0.7043268362894274,0
TRAFFIC,12,DPoS,0.1500818185344836,0.6846685911960889,0.8599999999999999,0.7753971453558106,0
TRAFFIC,13,CDACF,0.18160566790986973,0.6411379939549858,0.77664,0.8547190263787577,10
TRAFFIC,13,PoW,0.29945849382583284,0.3238752303042961,0.08,0.7657679554698649,0
TRAFFIC,13,PoS,0.19968678638079432,0.5757781872076375,0.8800000000000002,0.7624070395080307,0
TRAFFIC,13,PBFT,0.17472593808319498,0.6477504606085922,0.6999999999999998,0.886521615795758,0
TRAFFIC,13,PoA,0.19344657430639448,0.662144915288783,0.9299999999999998,0.7040217943933197,0
TRAFFIC,13,DPoS,0.14976508978559572,0.6837365973090695,0.8599999999999999,0.7752772988103199,0
TRAFFIC,14,CDACF,0.18059979732824927,0.6376936851498651,0.79782,0.8179203903951626,12
TRAFFIC,14,PoW,0.29880738107281496,0.3244947574690219,0.08,0.7661319889556389,0
TRAFFIC,14,PoS,0.19596865830554533,0.5768795688338167,0.8800000000000002,0.7626957969902154,0
TRAFFIC,14,PBFT,0.17147257601735214,0.6489895149380438,0.6999999999999998,0.886468183351486,0
TRAFFIC,14,PoA,0.18984463773349702,0.6634115041588893,0.9299999999999998,0.7043454487699291,0
TRAFFIC,14,DPoS,0.14697649372915897,0.6850444879901573,0.8599999999999999,0.7753150010765507,0
TRAFFIC,15,CDACF,0.17969517153513356,0.6409253868051246,0.77504,0.8555748639812104,11
TRAFFIC,15,PoW,0.2993395512903034,0.3234744608801226,0.08,0.7665267377182063,0
TRAFFIC,15,PoS,0.198576809156174,0.5750657082313291,0.8800000000000002,0.7631885813958859,0
TRAFFIC,15,PBFT,0.17378173647940975,0.6469489217602452,0.6999999999999998,0.8869931383895724,0
TRAFFIC,15,PoA,0.1924012082450608,0.6613255644660284,0.9299999999999998,0.7046799134416126,0
TRAFFIC,15,DPoS,0.14895577412520836,0.6828905285247031,0.8599999999999999,0.7758492603264888,0
TRAFFIC,16,CDACF,0.18327141298417496,0.6411890325385522,0.77826,0.854439275402454,10
TRAFFIC,16,PoW,0.3030754844628517,0.32428322551799665,0.08,0.7665304551354659,0
TRAFFIC,16,PoS,0.2010272176737703,0.5765035120319941,0.8800000000000002,0.7631219028319031,0
TRAFFIC,16,PBFT,0.17589881546454897,0.6485664510359933,0.6999999999999998,0.886925543975331,0
TRAFFIC,16,PoA,0.19474511712146497,0.6629790388367933,0.9299999999999998,0.7046816481615089,0
TRAFFIC,16,DPoS,0.1507704132553277,0.6845979205379928,0.8599999999999999,0.7757687261695444,0
TRAFFIC,17,CDACF,0.183431775758818,0.6395712491093293,0.8015399999999999,0.8194198694262231,12
TRAFFIC,17,PoW,0.29972364636268767,0.3246584800014754,0.08,0.7664859783264737,0
TRAFFIC,17,PoS,0.19935700881042187,0.5771706311137341,0.8800000000000002,0.7629951303360586,0
TRAFFIC,17,PBFT,0.1744373827091191,0.6493169600029508,0.6999999999999998,0.8864016439322235,0
TRAFFIC,17,PoA,0.19312710228509622,0.6637462257807942,0.9299999999999998,0.7046332340815169,0
TRAFFIC,17,DPoS,0.1495177566078164,0.6853901244475592,0.8599999999999999,0.7756632096588845,0
TRAFFIC,18,CDACF,0.1828329815530576,0.6393139533013865,0.78324,0.8495103296155242,10
TRAFFIC,18,PoW,0.297575833260614,0.32404379138922046,0.08,0.7659137128499621,0
TRAFFIC,18,PoS,0.19845017965888864,0.5760778513586142,0.8800000000000002,0.7625366623197185,0
TRAFFIC,18,PBFT,0.17364390720152753,0.6480875827784409,0.6999999999999998,0.8866646039228168,0
TRAFFIC,18,PoA,0.19224861154454834,0.6624895290624063,0.9299999999999998,0.7041734943099802,0
TRAFFIC,18,DPoS,0.14883763474416645,0.6840924484883543,0.8599999999999999,0.7752962940853209,0
TRAFFIC,19,CDACF,0.1851713596807786,0.6379161546025574,0.79876,0.8181715020715383,12
TRAFFIC,19,PoW,0.29864842365963357,0.324908004093551,0.08,0.7666486067394446,0
TRAFFIC,19,PoS,0.20009338887602907,0.5776142294996461,0.8800000000000002,0.7632229596942816,0
TRAFFIC,19,PBFT,0.17510443922839464,0.649816008187102,0.6999999999999998,0.8867409017370979,0
TRAFFIC,19,PoA,0.19386562914572264,0.664256363924593,0.9299999999999998,0.7048377570061257,0
TRAFFIC,19,DPoS,0.15008951933862397,0.6859168975308296,0.8599999999999999,0.7758823937962375,0
TRAFFIC,20,CDACF,0.1861510545970022,0.6374007902489502,0.7975399999999999,0.8198545947633477,12
TRAFFIC,20,PoW,0.302660731823427,0.3245217849844341,0.08,0.7664560236832155,0
TRAFFIC,20,PoS,0.20219290118750274,0.5769276177501051,0.8800000000000002,0.7630524692940249,0
TRAFFIC,20,PBFT,0.1769187885390649,0.6490435699688683,0.6999999999999998,0.8868119933994315,0
TRAFFIC,20,PoA,0.19587437302539332,0.663466760412621,0.9299999999999998,0.7046609119795508,0
TRAFFIC,20,DPoS,0.15164467589062708,0.6851015460782498,0.8599999999999999,0.7758332089763844,0
TRAFFIC,21,CDACF,0.18482831332421665,0.6417187212419153,0.77682,0.8553243059307942,10
TRAFFIC,21,PoW,0.30317588697693604,0.3242422726479378,0.08,0.7665312684872337,0
TRAFFIC,21,PoS,0.20304793370762328,0.5764307069296671,0.8800000000000002,0.7629826668124433,0
TRAFFIC,21,PBFT,0.17766694199417035,0.6484845452958756,0.6999999999999998,0.8868342048737486,0
TRAFFIC,21,PoA,0.19670268577926003,0.6628953129691172,0.9299999999999998,0.7047363439550284,0
TRAFFIC,21,DPoS,0.15228595028071742,0.6845114644789798,0.8599999999999999,0.7756538910945049,0
TRAFFIC,22,CDACF,0.18379275033149567,0.6378281462764767,0.7955,0.8195638949650916,13
TRAFFIC,22,PoW,0.30094472064519234,0.3247112352826157,0.08,0.7659581203256212,0
TRAFFIC,22,PoS,0.19990513970918364,0.5772644182802057,0.8800000000000002,0.7626092554061754,0
TRAFFIC,22,PBFT,0.17491699724553567,0.6494224705652314,0.6999999999999998,0.8863262219935657,0
TRAFFIC,22,PoA,0.1936581040932716,0.6638540810222366,0.9299999999999998,0.704225321639102,0
TRAFFIC,22,DPoS,0.14992885478188772,0.6855014967077442,0.8599999999999999,0.7752750949962403,0
TRAFFIC,23,CDACF,0.18318362062391674,0.6425560716747668,0.78606,0.8493336937364508,13
TRAFFIC,23,PoW,0.30120746160827366,0.32472681128710745,0.08,0.7665440063962924,0
TRAFFIC,23,PoS,0.20032590009928494,0.5772921089548577,0.8800000000000002,0.7632059412518445,0
TRAFFIC,23,PBFT,0.1752851625868743,0.6494536225742149,0.6999999999999998,0.8865533817644605,0
TRAFFIC,23,PoA,0.19406571572118228,0.6638859252980862,0.9299999999999998,0.7047064262508973,0
TRAFFIC,23,DPoS,0.15024442507446367,0.6855343793838935,0.8599999999999999,0.7757815682389553,0
TRAFFIC,24,CDACF,0.18126594916195074,0.6439599820480378,0.77966,0.8544387683650527,12
TRAFFIC,24,PoW,0.2991163614948148,0.3249850884097436,0.08,0.7663578041533978,0
TRAFFIC,24,PoS,0.19947945091814812,0.5777512682839886,0.8800000000000002,0.762681457455667,0
TRAFFIC,24,PBFT,0.17454451955337955,0.6499701768194872,0.6999999999999998,0.8864444469148403,0
TRAFFIC,24,PoA,0.19324571807695595,0.6644139585265868,0.9299999999999998,0.7046142245580003,0
TRAFFIC,24,DPoS,0.14960958818861103,0.6860796310872364,0.8599999999999999,0.7753216181077878,0
TRAFFIC,25,CDACF,0.18954063253769077,0.6365253238982821,0.7995999999999999,0.8163747112518729,14
TRAFFIC,25,PoW,0.3074752683244915,0.3241105444348808,0.08,0.76632317841408,0
TRAFFIC,25,PoS,0.2055919960569848,0.576196523439788,0.8800000000000002,0.762906566194406,0
TRAFFIC,25,PBFT,0.17989299654986168,0.6482210888697616,0.6999999999999998,0.886565054391159,0
TRAFFIC,25,PoA,0.19916724618020404,0.6626260019557563,0.9299999999999998,0.70446187355549,0
TRAFFIC,25,DPoS,0.1541939970427386,0.6842333715847483,0.8599999999999999,0.7754849560122953,0
TRAFFIC,26,CDACF,0.1815424569266411,0.6421282525197869,0.77716,0.8530702328779005,11
TRAFFIC,26,PoW,0.30056928356686763,0.3244097856527122,0.08,0.765830652722685,0
TRAFFIC,26,PoS,0.19986614573039743,0.5767285078270439,0.8800000000000002,0.7624508772687941,0
TRAFFIC,26,PBFT,0.17488287751409767,0.6488195713054244,0.6999999999999998,0.8862687190937777,0
TRAFFIC,26,PoA,0.19362032867632245,0.6632377840011004,0.9299999999999998,0.7040588518305103,0
TRAFFIC,26,DPoS,0.14989960929779803,0.6848651030446147,0.8599999999999999,0.7753160680463874,0
TRAFFIC,27,CDACF,0.18136613667453116,0.6426808144109892,0.7773199999999999,0.8531704048035398,11
TRAFFIC,27,PoW,0.3009764670406574,0.3247233483327241,0.08,0.7662808580759363,0
TRAFFIC,27,PoS,0.19956144237679008,0.5772859525915095,0.8800000000000002,0.7627850034264755,0
TRAFFIC,27,PBFT,0.1746162620796913,0.6494466966654482,0.6999999999999998,0.8866001467611191,0
TRAFFIC,27,PoA,0.1933251473025154,0.6638788454802359,0.9299999999999998,0.7045034499023852,0
TRAFFIC,27,DPoS,0.14967108178259256,0.6855270687024174,0.8599999999999999,0.7754410018599646,0
TRAFFIC,28,CDACF,0.18198073209318905,0.6369286210611063,0.7951600000000001,0.8197213333365656,13
TRAFFIC,28,PoW,0.2991756916169541,0.3236252586005218,0.08,0.7665152799590964,0
TRAFFIC,28,PoS,0.1986788658315322,0.5753337930675944,0.8800000000000002,0.7630168496137394,0
TRAFFIC,28,PBFT,0.17384400760259064,0.6472505172010437,0.6999999999999998,0.8870103893046922,0
TRAFFIC,28,PoA,0.1924701512742968,0.6616338620277334,0.9299999999999998,0.7046452033365656,0
TRAFFIC,28,DPoS,0.14900914937364915,0.6832088792677682,0.8599999999999999,0.7757925145657583,0
TRAFFIC,29,CDACF,0.1806503820758824,0.6435042498751099,0.7808599999999999,0.8528669167132464,13
TRAFFIC,29,PoW,0.3021284056960587,0.32435077108655014,0.08,0.7656613287977048,0
TRAFFIC,29,PoS,0.19957304594748018,0.5766235930427558,0.8800000000000002,0.7621553109600212,0
TRAFFIC,29,PBFT,0.17462641520404515,0.6487015421731003,0.6999999999999998,0.88596055887339,0
TRAFFIC,29,PoA,0.19333638826162142,0.663117131999169,0.9299999999999998,0.7039720844151042,0
TRAFFIC,29,DPoS,0.14967978446061012,0.6847405167382724,0.8599999999999999,0.7747658825621699,0
TRAFFIC,30,CDACF,0.18348927240016707,0.6378737437112493,0.79748,0.818228110730908,12
TRAFFIC,30,PoW,0.2990031081593523,0.32457638123876514,0.08,0.766078699984741,0
TRAFFIC,30,PoS,0.19924785972259842,0.5770246777578047,0.8800000000000002,0.7626209451397015,0
TRAFFIC,30,PBFT,0.1743418772572736,0.6491527624775303,0.6999999999999998,0.8861217660184668,0
TRAFFIC,30,PoA,0.19302136410626722,0.6635783794214755,0.9299999999999998,0.7043347607309078,0
TRAFFIC,30,DPoS,0.14943589479194885,0.685216804837393,0.8599999999999999,0.7751882168489953,0
TRAFFIC,31,CDACF,0.18167190516870252,0.6425956256274039,0.7760799999999999,0.8543763660027173,11
TRAFFIC,31,PoW,0.29953403589080435,0.3244634134881901,0.08,0.766450179177528,0
TRAFFIC,31,PoS,0.2002242121062513,0.5768238462012268,0.8800000000000002,0.763098778534458,0
TRAFFIC,31,PBFT,0.1752604659680365,0.6489268269763802,0.6999999999999998,0.8866731698885836,0
TRAFFIC,31,PoA,0.19399845547793096,0.6633474231314109,0.9299999999999998,0.7045993781079717,0
TRAFFIC,31,DPoS,0.1502232565440313,0.6849783173639569,0.8599999999999999,0.7757325419938379,0
TRAFFIC,32,CDACF,0.1821289439363195,0.642493702962005,0.77884,0.853826679381172,12
TRAFFIC,32,PoW,0.30257397885738374,0.3241791173452921,0.08,0.7659154330050947,0
TRAFFIC,32,PoS,0.20105447148140201,0.576318430836075,0.8800000000000002,0.7626213558050724,0
TRAFFIC,32,PBFT,0.17592266254622674,0.6483582346905842,0.6999999999999998,0.8861723145367955,0
TRAFFIC,32,PoA,0.1947715192476082,0.6627661954614862,0.9299999999999998,0.7041917363538858,0
TRAFFIC,32,DPoS,0.1507908536110515,0.6843781366178389,0.8599999999999999,0.7754374586484002,0
TRAFFIC,33,CDACF,0.1792023023514795,0.6446054119214505,0.7808399999999999,0.8548038277327992,11
TRAFFIC,33,PoW,0.2980977332425008,0.3247891988270342,0.08,0.7661980844769305,0
TRAFFIC,33,PoS,0.19794168912925494,0.5774030201369499,0.8800000000000002,0.7627239702805497,0
TRAFFIC,33,PBFT,0.17320338129921983,0.6495783976540684,0.6999999999999998,0.886613221937667,0
TRAFFIC,33,PoA,0.19176088643842198,0.6640134731574922,0.9299999999999998,0.7044558048437449,0
TRAFFIC,33,DPoS,0.148460041113617,0.6856660864126278,0.8599999999999999,0.775293059048613,0
TRAFFIC,34,CDACF,0.1814320639029459,0.6425398854780259,0.7765,0.8548439497450556,10
TRAFFIC,34,PoW,0.3000429802507057,0.3247570875584538,0.08,0.7662544546671013,0
TRAFFIC,34,PoS,0.19942179493734113,0.5773459334372513,0.8800000000000002,0.7625998340821555,0
TRAFFIC,34,PBFT,0.17452114924253362,0.6495141751169076,0.6999999999999998,0.8860292612814069,0
TRAFFIC,34,PoA,0.19321984380423365,0.663947823452839,0.9299999999999998,0.704501391565871,0
TRAFFIC,34,DPoS,0.14958955649360023,0.6855982959567358,0.8599999999999999,0.7750726931022224,0
ENVIRONMENTAL,5,CDACF,0.8719416822361838,0.6816562979163303,0.8774799999999999,0.7380263633140298,1
ENVIRONMENTAL,5,PoW,0.9994806014451943,0.3826969315081477,0.08,0.7672568809014426,0
ENVIRONMENTAL,5,PoS,0.873367027539393,0.6803501004589293,0.8800000000000002,0.7649313609861838,0
ENVIRONMENTAL,5,PBFT,0.8021155304110577,0.7653938630162954,0.6999999999999998,0.8885191416870544,0
ENVIRONMENTAL,5,PoA,0.8557906803719547,0.7824026155277686,0.9299999999999998,0.7039849433140299,0
ENVIRONMENTAL,5,DPoS,0.7280325943157897,0.8079157442949784,0.8599999999999999,0.7785398092153212,0
ENVIRONMENTAL,6,CDACF,0.8695421487258695,0.68211063769906,0.8774799999999999,0.7365915494051228,1
ENVIRONMENTAL,6,PoW,0.9990491195440393,0.38294832657279365,0.08,0.765587491316565,0
ENVIRONMENTAL,6,PoS,0.8709452273468938,0.6807970250182998,0.8800000000000002,0.7633936063213042,0
ENVIRONMENTAL,6,PBFT,0.8004080621673104,0.7658966531455873,0.6999999999999998,0.886105441126314,0
ENVIRONMENTAL,6,PoA,0.8536513380809725,0.7829165787710448,0.9299999999999998,0.7024159394051227,0
ENVIRONMENTAL,6,DPoS,0.7272762749849038,0.8084464672092311,0.8599999999999999,0.776699361107577,0
ENVIRONMENTAL,7,CDACF,0.8705658599783619,0.6802954799834613,0.8774799999999999,0.7384162268231005,1
ENVIRONMENTAL,7,PoW,0.9992366053133398,0.3819333500248238,0.08,0.7677867304872145,0
ENVIRONMENTAL,7,PoS,0.8719769924371736,0.6789926222663536,0.8800000000000002,0.7652885514607213,0
ENVIRONMENTAL,7,PBFT,0.8013948052900236,0.7638667000496476,0.6999999999999998,0.8897706513249407,0
ENVIRONMENTAL,7,PoA,0.854698964665748,0.7808415156063065,0.9299999999999998,0.7045050068231006,0
ENVIRONMENTAL,7,DPoS,0.7281371241919786,0.8063037389412947,0.8599999999999999,0.7791387322665924,0
ENVIRONMENTAL,8,CDACF,0.8691497180606241,0.6810020278290646,0.8774799999999999,0.7359231962595297,1
ENVIRONMENTAL,8,PoW,0.9994151949486835,0.38232243228682006,0.08,0.7648924562595298,0
ENVIRONMENTAL,8,PoS,0.870554678322027,0.679684324065458,0.8800000000000002,0.7628108605561793,0
ENVIRONMENTAL,8,PBFT,0.8003324422416024,0.7646448645736401,0.6999999999999998,0.8857971060556759,0
ENVIRONMENTAL,8,PoA,0.8533124456430538,0.7816369726752767,0.9299999999999998,0.7016610662595297,0
ENVIRONMENTAL,8,DPoS,0.7280257953725109,0.8071251348277313,0.8599999999999999,0.776491049429342,0
ENVIRONMENTAL,9,CDACF,0.8707342245169044,0.6812792390973011,0.8774799999999999,0.7361993088426809,1
ENVIRONMENTAL,9,PoW,0.9991777506883592,0.38248537190353255,0.08,0.7651685688426809,0
ENVIRONMENTAL,9,PoS,0.8721147354644863,0.6799739944951689,0.8800000000000002,0.7630004262273584,0
ENVIRONMENTAL,9,PBFT,0.801324972057737,0.7649707438070651,0.6999999999999998,0.885698858304567,0
ENVIRONMENTAL,9,PoA,0.8547847090947344,0.7819700936694443,0.9299999999999998,0.7018867788426808,0
ENVIRONMENTAL,9,DPoS,0.7277070154262876,0.8074691184630131,0.8599999999999999,0.7764164661612324,0
ENVIRONMENTAL,10,CDACF,0.865473996751912,0.6817028915188188,0.8774799999999999,0.7378096217518316,1
ENVIRONMENTAL,10,PoW,0.9995895670668089,0.38272312208171694,0.08,0.7670145017518314,0
ENVIRONMENTAL,10,PoS,0.8668225193680343,0.6803966614786079,0.8800000000000002,0.7645725802546617,0
ENVIRONMENTAL,10,PBFT,0.7967940777768686,0.7654462441634339,0.6999999999999998,0.8881735780044169,0
ENVIRONMENTAL,10,PoA,0.8496196463286045,0.7824561607003991,0.9299999999999998,0.7036816817518314,0
ENVIRONMENTAL,10,DPoS,0.7245320390567626,0.8079710355058468,0.8599999999999999,0.7780200571970408,0
ENVIRONMENTAL,11,CDACF,0.8666251929118496,0.6808661937357886,0.8774799999999999,0.7366175384016367,1
ENVIRONMENTAL,11,PoW,0.9989685465564981,0.38225095281864985,0.08,0.7656796184016369,0
ENVIRONMENTAL,11,PoS,0.8679898265797443,0.6795572494553774,0.8800000000000002,0.7634491192051928,0
ENVIRONMENTAL,11,PBFT,0.7977342577027127,0.7645019056372997,0.6999999999999998,0.8867128184920214,0
ENVIRONMENTAL,11,PoA,0.850701126146936,0.7814908368736841,0.9299999999999998,0.7023593984016367,0
ENVIRONMENTAL,11,DPoS,0.724998570603545,0.8069742337282607,0.8599999999999999,0.7769427215073922,0
ENVIRONMENTAL,12,CDACF,0.8704530943322297,0.6827156019488559,0.8774799999999999,0.739461281214292,1
ENVIRONMENTAL,12,PoW,0.999283413240777,0.3832920214509081,0.08,0.7688676769516314,0
ENVIRONMENTAL,12,PoS,0.8718171386826334,0.6814080381349478,0.8800000000000002,0.7662703630790354,0
ENVIRONMENTAL,12,PBFT,0.8011705113256367,0.7665840429018163,0.6999999999999998,0.8902791670407735,0
ENVIRONMENTAL,12,PoA,0.8545850205703357,0.78361924385519,0.9299999999999998,0.7055286412142919,0
ENVIRONMENTAL,12,DPoS,0.7269732003389272,0.8091720452852506,0.8599999999999999,0.7798292759831706,0
ENVIRONMENTAL,13,CDACF,0.8701095995948764,0.6811811538626041,0.8774799999999999,0.7364120592036133,1
ENVIRONMENTAL,13,PoW,0.9993141862153984,0.38242627903907456,0.08,0.7654295200387511,0
ENVIRONMENTAL,13,PoS,0.871458362797862,0.6798689405139103,0.8800000000000002,0.7632293565827798,0
ENVIRONMENTAL,13,PBFT,0.8009253335346743,0.7648525580781491,0.6999999999999998,0.886264433537937,0
ENVIRONMENTAL,13,PoA,0.8541800849897081,0.781849281590997,0.9299999999999998,0.7022257392036134,0
ENVIRONMENTAL,13,DPoS,0.7273265287022802,0.8073443668602686,0.8599999999999999,0.7768194611494357,0
ENVIRONMENTAL,14,CDACF,0.8725763740516347,0.6812540562771263,0.8774799999999999,0.7379683487235675,1
ENVIRONMENTAL,14,PoW,0.9992373034165348,0.3824683182201359,0.08,0.7672024246532838,0
ENVIRONMENTAL,14,PoS,0.873974063157367,0.679943676835797,0.8800000000000002,0.7648487460357974,0
ENVIRONMENTAL,14,PBFT,0.8030759178331941,0.7649366364402718,0.6999999999999998,0.8884659849124487,0
ENVIRONMENTAL,14,PoA,0.8566271914189476,0.7819352283611666,0.9299999999999998,0.7039233587235674,0
ENVIRONMENTAL,14,DPoS,0.7297268502567804,0.8074331162425089,0.8599999999999999,0.7784670677862484,0
ENVIRONMENTAL,15,CDACF,0.8733029734249766,0.6817538781122354,0.8774799999999999,0.7388851015387501,1
ENVIRONMENTAL,15,PoW,0.9997120266776686,0.3827539020145624,0.08,0.7682480188446337,0
ENVIRONMENTAL,15,PoS,0.8747376508919085,0.6804513813592221,0.8800000000000002,0.765627890568709,0
ENVIRONMENTAL,15,PBFT,0.8040757588739673,0.7655078040291248,0.6999999999999998,0.8898341863918208,0
ENVIRONMENTAL,15,PoA,0.8574673165846064,0.7825190885631054,0.9299999999999998,0.70497388153875,0
ENVIRONMENTAL,15,DPoS,0.730384861963396,0.8080360153640761,0.8599999999999999,0.779223379156715,0
ENVIRONMENTAL,16,CDACF,0.8680043203726397,0.6804498140939452,0.8774799999999999,0.7385998006429142,1
ENVIRONMENTAL,16,PoW,0.9987847136729577,0.38201524170366086,0.08,0.7679822454194388,0
ENVIRONMENTAL,16,PoS,0.8693917851669667,0.6791382074731748,0.8800000000000002,0.7654398212720411,0
ENVIRONMENTAL,16,PBFT,0.799210943925701,0.7640304834073217,0.6999999999999998,0.8899032711781507,0
ENVIRONMENTAL,16,PoA,0.8522435155824264,0.7810089385941512,0.9299999999999998,0.7046850106429141,0
ENVIRONMENTAL,16,DPoS,0.7263835333617331,0.8064766213743951,0.8599999999999999,0.7789211044908259,0
ENVIRONMENTAL,17,CDACF,0.8659961443475854,0.6816203325416715,0.8774799999999999,0.7386076489397,1
ENVIRONMENTAL,17,PoW,0.9992976459260802,0.3826760764967042,0.08,0.7679526948118146,0
ENVIRONMENTAL,17,PoS,0.867424925301814,0.6803130248830298,0.8800000000000002,0.7654513223322028,0
ENVIRONMENTAL,17,PBFT,0.7963818110259809,0.7653521529934084,0.6999999999999998,0.8894831327005859,0
ENVIRONMENTAL,17,PoA,0.8499121305417078,0.7823599786154841,0.9299999999999998,0.7046099089397,0
ENVIRONMENTAL,17,DPoS,0.7227625674928592,0.8078717170485977,0.8599999999999999,0.779087061356814,0
ENVIRONMENTAL,18,CDACF,0.8683771860651175,0.6813699920501116,0.8774799999999999,0.7390094266033371,1
ENVIRONMENTAL,18,PoW,0.9991923372842177,0.38252952659035083,0.08,0.7684285066033372,0
ENVIRONMENTAL,18,PoS,0.8696904612349455,0.6800524917161792,0.8800000000000002,0.7658546811905196,0
ENVIRONMENTAL,18,PBFT,0.7995704744410789,0.7650590531807017,0.6999999999999998,0.890214620304067,0
ENVIRONMENTAL,18,PoA,0.8525905365491051,0.7820603654736062,0.9299999999999998,0.7050767866033372,0
ENVIRONMENTAL,18,DPoS,0.7265644519046749,0.807562333912963,0.8599999999999999,0.7792658391170205,0
ENVIRONMENTAL,19,CDACF,0.8717335241164308,0.6816001225030364,0.8774799999999999,0.7359565814995037,1
ENVIRONMENTAL,19,PoW,0.9990102601791345,0.38265975975095134,0.08,0.7648901414995036,0
ENVIRONMENTAL,19,PoS,0.8731677010896326,0.6802840173350246,0.8800000000000002,0.7627924611767496,0
ENVIRONMENTAL,19,PBFT,0.8022620245498376,0.7653195195019027,0.6999999999999998,0.8853663000096883,0
ENVIRONMENTAL,19,PoA,0.8558636802106517,0.7823266199352784,0.9299999999999998,0.7016115014995037,0
ENVIRONMENTAL,19,DPoS,0.7280084765454412,0.8078372705853417,0.8599999999999999,0.7764275688183438,0
ENVIRONMENTAL,20,CDACF,0.8665221629213722,0.6815369744372203,0.8774799999999999,0.7283192024846123,1
ENVIRONMENTAL,20,PoW,0.9993281988590768,0.38262590409416974,0.08,0.7560527651996667,0
ENVIRONMENTAL,20,PoS,0.867932341123233,0.6802238295007462,0.8800000000000002,0.7551055595618934,0
ENVIRONMENTAL,20,PBFT,0.7977317713078624,0.7652518081883395,0.6999999999999998,0.8738819702244341,0
ENVIRONMENTAL,20,PoA,0.8506919961343098,0.7822574039258582,0.9299999999999998,0.6929503724846124,0
ENVIRONMENTAL,20,DPoS,0.7245256107298573,0.8077657975321361,0.8599999999999999,0.7683924780227469,0
ENVIRONMENTAL,21,CDACF,0.8673164917214758,0.6819372631795466,0.8774799999999999,0.7389076471471154,1
ENVIRONMENTAL,21,PoW,0.9989760301389611,0.38285490762812047,0.08,0.7682673818912238,0
ENVIRONMENTAL,21,PoS,0.8687351325742716,0.6806309468944364,0.8800000000000002,0.7657564897063062,0
ENVIRONMENTAL,21,PBFT,0.7983034053995411,0.7657098152562409,0.6999999999999998,0.8896998750301065,0
ENVIRONMENTAL,21,PoA,0.8514091765706455,0.7827255889286019,0.9299999999999998,0.7050035671471155,0
ENVIRONMENTAL,21,DPoS,0.7251894003952422,0.8082492494371432,0.8599999999999999,0.7792102158378977,0
ENVIRONMENTAL,22,CDACF,0.8708928903887752,0.6819214096816545,0.8774799999999999,0.7346501104554722,1
ENVIRONMENTAL,22,PoW,0.9993981871078211,0.3828473457805914,0.08,0.7633337704554721,0
ENVIRONMENTAL,22,PoS,0.8722194969283137,0.6806175036099401,0.8800000000000002,0.7612828510754482,0
ENVIRONMENTAL,22,PBFT,0.8015256766694036,0.7656946915611827,0.6999999999999998,0.8828958437083603,0
ENVIRONMENTAL,22,PoA,0.854870872100389,0.7827101291514311,0.9299999999999998,0.7000771804554721,0
ENVIRONMENTAL,22,DPoS,0.7272255860380048,0.808233285536804,0.8599999999999999,0.774637052781578,0
ENVIRONMENTAL,23,CDACF,0.8705453243292904,0.6819301144663071,0.8774799999999999,0.7377735956988686,1
ENVIRONMENTAL,23,PoW,0.9996224028306399,0.38284942113822024,0.08,0.7669570556988685,0
ENVIRONMENTAL,23,PoS,0.8719486539315702,0.6806211931346139,0.8800000000000002,0.764551597972031,0
ENVIRONMENTAL,23,PBFT,0.8013315842022277,0.7656988422764405,0.6999999999999998,0.8878776116622369,0
ENVIRONMENTAL,23,PoA,0.8546341791323966,0.7827143721048059,0.9299999999999998,0.7036563656988685,0
ENVIRONMENTAL,23,DPoS,0.7284243612559629,0.8082376668473539,0.8599999999999999,0.7780970224172629,0
ENVIRONMENTAL,24,CDACF,0.8682737658280633,0.6827697716828671,0.8774799999999999,0.7372344913197975,1
ENVIRONMENTAL,24,PoW,0.9990832210094739,0.383323562776958,0.08,0.7662751513197975,0
ENVIRONMENTAL,24,PoS,0.8696428844798773,0.6814641116034809,0.8800000000000002,0.7640080238477938,0
ENVIRONMENTAL,24,PBFT,0.798761434238316,0.766647125553916,0.6999999999999998,0.886454102447045,0
ENVIRONMENTAL,24,PoA,0.8521222902352056,0.783683728344003,0.9299999999999998,0.7029870613197975,0
ENVIRONMENTAL,24,DPoS,0.7252192094292119,0.8092386325291336,0.8599999999999999,0.7772727738907544,0
ENVIRONMENTAL,25,CDACF,0.8714672588746996,0.6817743798937329,0.8774799999999999,0.7388576569046922,1
ENVIRONMENTAL,25,PoW,0.9994101864867893,0.3827575333473612,0.08,0.7682338969046922,0
ENVIRONMENTAL,25,PoS,0.8728703671974133,0.6804578370619754,0.8800000000000002,0.7656589389836859,0
ENVIRONMENTAL,25,PBFT,0.8023860275660571,0.7655150666947224,0.6999999999999998,0.8898535619220204,0
ENVIRONMENTAL,25,PoA,0.8556687767042707,0.7825265126212719,0.9299999999999998,0.704946436904692,0
ENVIRONMENTAL,25,DPoS,0.7287589059327995,0.8080436815110957,0.8599999999999999,0.7790982009030306,0
ENVIRONMENTAL,26,CDACF,0.8765140803938066,0.6819947021979978,0.8774799999999999,0.7374955813898445,1
ENVIRONMENTAL,26,PoW,0.9992478826943676,0.3828907391153477,0.08,0.7666391029473801,0
ENVIRONMENTAL,26,PoS,0.8778734081521763,0.6806946473161737,0.8800000000000002,0.7643714874225294,0
ENVIRONMENTAL,26,PBFT,0.8063460367058366,0.7657814782306954,0.6999999999999998,0.8875931948294725,0
ENVIRONMENTAL,26,PoA,0.8603454496393762,0.7827988444135997,0.9299999999999998,0.7033458013898444,0
ENVIRONMENTAL,26,DPoS,0.7318421975448008,0.8083248936879561,0.8599999999999999,0.778007971459711,0
ENVIRONMENTAL,27,CDACF,0.8670064406003574,0.682053467807483,0.8774799999999999,0.7367242585118613,1
ENVIRONMENTAL,27,PoW,0.999126556158953,0.38291856587950235,0.08,0.7657292185118613,0
ENVIRONMENTAL,27,PoS,0.8683802746189442,0.6807441171191152,0.8800000000000002,0.7635034416478192,0
ENVIRONMENTAL,27,PBFT,0.7980804791746893,0.7658371317590047,0.6999999999999998,0.8861391535280206,0
ENVIRONMENTAL,27,PoA,0.8510972908980998,0.7828557346869824,0.9299999999999998,0.7024442785118613,0
ENVIRONMENTAL,27,DPoS,0.7252338014529021,0.8083836390789493,0.8599999999999999,0.7767461762213195,0
ENVIRONMENTAL,28,CDACF,0.8717081632985381,0.6796149248388254,0.8774799999999999,0.735658629601737,1
ENVIRONMENTAL,28,PoW,0.9993646826733968,0.3815440391628463,0.08,0.7646493096017369,0
ENVIRONMENTAL,28,PoS,0.873136579975315,0.6783005140672823,0.8800000000000002,0.7625449170188509,0
ENVIRONMENTAL,28,PBFT,0.8019161216097106,0.7630880783256926,0.6999999999999998,0.8859682081522321,0
ENVIRONMENTAL,28,PoA,0.8556574653414014,0.7800455911773747,0.9299999999999998,0.7013353896017369,0
ENVIRONMENTAL,28,DPoS,0.7282879939660403,0.8054818604548978,0.8599999999999999,0.7761642336055684,0
ENVIRONMENTAL,29,CDACF,0.8689897105374359,0.6823105448715212,0.8774799999999999,0.737575145440426,1
ENVIRONMENTAL,29,PoW,0.9992449165018191,0.3830649746947561,0.08,0.7666996675396558,0
ENVIRONMENTAL,29,PoS,0.8703883149344763,0.6810043994573444,0.8800000000000002,0.7643279457653882,0
ENVIRONMENTAL,29,PBFT,0.7994761747008525,0.7661299493895122,0.6999999999999998,0.8873880703874409,0
ENVIRONMENTAL,29,PoA,0.8528616475514617,0.7831550593759459,0.9299999999999998,0.703486475440426,0
ENVIRONMENTAL,29,DPoS,0.7257978954666328,0.8086927243555961,0.8599999999999999,0.7777849452015874,0
ENVIRONMENTAL,30,CDACF,0.8690150496137414,0.682414742896649,0.8774799999999999,0.7344259941376583,1
ENVIRONMENTAL,30,PoW,0.999006120951075,0.3831201881637237,0.08,0.7630673985014901,0
ENVIRONMENTAL,30,PoS,0.8704124268771208,0.6811025567355089,0.8800000000000002,0.7612293174649011,0
ENVIRONMENTAL,30,PBFT,0.8000657327939502,0.7662403763274473,0.6999999999999998,0.8826360512457915,0
ENVIRONMENTAL,30,PoA,0.8530995851292998,0.7832679402458352,0.9299999999999998,0.6998709141376583,0
ENVIRONMENTAL,30,DPoS,0.7267409207405424,0.8088092861234167,0.8599999999999999,0.7745756158673537,0
ENVIRONMENTAL,31,CDACF,0.8685125254655907,0.6819804243073992,0.8774799999999999,0.7377373710800541,1
ENVIRONMENTAL,31,PoW,0.9991789538950404,0.3828755751679362,0.08,0.7669065510800542,0
ENVIRONMENTAL,31,PoS,0.8699127778121285,0.6806676891874421,0.8800000000000002,0.7645057402935688,0
ENVIRONMENTAL,31,PBFT,0.799581462327229,0.7657511503358724,0.6999999999999998,0.8877874572036955,0
ENVIRONMENTAL,31,PoA,0.8527118837164961,0.7827678425655585,0.9299999999999998,0.7035768810800541,0
ENVIRONMENTAL,31,DPoS,0.725657123209992,0.8082928809100874,0.8599999999999999,0.7778339369834162,0
ENVIRONMENTAL,32,CDACF,0.872244606720825,0.6818314976347642,0.8774799999999999,0.7353576193662793,1
ENVIRONMENTAL,32,PoW,0.9995275962984524,0.3827906385278333,0.08,0.7641697993662794,0
ENVIRONMENTAL,32,PoS,0.8736956056108536,0.6805166907161481,0.8800000000000002,0.7620988722969746,0
ENVIRONMENTAL,32,PBFT,0.8028308065953061,0.7655812770556666,0.6999999999999998,0.8842505576117871,0
ENVIRONMENTAL,32,PoA,0.8562877493531705,0.7825941943235702,0.9299999999999998,0.7009220293662792,0
ENVIRONMENTAL,32,DPoS,0.7295210692378704,0.8081135702254257,0.8599999999999999,0.7757114985182084,0
ENVIRONMENTAL,33,CDACF,0.8714463826651045,0.6817859237941261,0.8774799999999999,0.7339204230940043,1
ENVIRONMENTAL,33,PoW,0.9995353130342723,0.3827679637954234,0.08,0.7625324110723175,0
ENVIRONMENTAL,33,PoS,0.8728569272275732,0.6804763800807527,0.8800000000000002,0.7607081254014532,0
ENVIRONMENTAL,33,PBFT,0.8021742593556761,0.7655359275908468,0.6999999999999998,0.8823798034122178,0
ENVIRONMENTAL,33,PoA,0.8556260520733936,0.7825478370928656,0.9299999999999998,0.6993327930940044,0
ENVIRONMENTAL,33,DPoS,0.7279244688333916,0.8080657013458938,0.8599999999999999,0.7741115057913293,0
ENVIRONMENTAL,34,CDACF,0.8729205351777007,0.6811904188610799,0.8774799999999999,0.7372300506935557,1
ENVIRONMENTAL,34,PoW,0.9993999285111961,0.3824345739574829,0.08,0.7663563906935558,0
ENVIRONMENTAL,34,PoS,0.8743364512021692,0.6798836870355253,0.8800000000000002,0.7640134621866167,0
ENVIRONMENTAL,34,PBFT,0.80371050385192,0.7648691479149659,0.6999999999999998,0.8872856154265519,0
ENVIRONMENTAL,34,PoA,0.8571757063676414,0.781866240090854,0.9299999999999998,0.7031413806935558,0
ENVIRONMENTAL,34,DPoS,0.7307931632432029,0.8073618783546862,0.8599999999999999,0.7774034132295811,0
